Rank	Category	Word	Synonym	Preposition	Case	Case_Type	Meaning_EN	Sentence_Cloze	Sentence_Full	Sentence_EN	Question_Structure	Other_Prepositions	Grammar_Notes	Prompt_Text	Level	Tags
I-001	Noun-Verb Idiom	in Frage kommen	möglich sein / denkbar sein	in Frage	+ Akk.	akk	to be possible / to be considered / to be an option	"Ein weiterer Aufschub des Projekts kommt für uns keinesfalls <span class=""blank"">[ &hellip; ]</span>."	"Ein weiterer Aufschub des Projekts kommt für uns keinesfalls <span class=""highlight-prep"">in Frage</span>."	A further postponement of the project is out of the question for us.		• <b>in Betracht kommen</b> (= möglich sein / in Frage kommen): to come into consideration / to be eligible<br>• <b>zur Sprache kommen</b> (= besprochen werden): to come up for discussion / to be discussed (PASSIVE)<br>• <b>ums Leben kommen</b> (= sterben (durch Unfall/Gewalt)): to lose one's life / to be killed (in an accident or catastrophe)<br>• <b>zu Wort kommen</b> (= sprechen dürfen): to get a chance to speak / to have one's say<br>• <b>zum Ausdruck kommen</b> (= deutlich werden / sich zeigen): to be expressed / to become apparent (PASSIVE)<br>• <b>zu einem Entschluss kommen</b> (= sich entschließen): to come to a decision / to make up one's mind<br>• <b>zur Vernunft kommen</b> (= vernünftig werden): to come to one's senses / to see reason<br>• <b>zu Schaden kommen</b> (= verletzt werden / Schaden erleiden): to come to harm / to suffer injury or damage<br>• <b>zur Ruhe kommen</b> (= sich beruhigen / entspannen): to settle down / to find peace / to wind down<br>• <b>in Gang kommen</b> (= anlaufen / starten): to get going / to get under way	Very common in negative: 'nicht in Frage kommen' = out of the question.	What is the <b>prepositional phrase</b>?	B1	level::B1 category::idiom prep::in case::akk
I-002	Noun-Verb Idiom	zur Verfügung stehen	vorhanden sein / verfügbar sein	zur Verfügung	+ Dat.	dat	to be available / to be at someone's disposal (PASSIVE)	"Für Fragen und Beratungen stehe ich Ihnen jederzeit gerne <span class=""blank"">[ &hellip; ]</span>."	"Für Fragen und Beratungen stehe ich Ihnen jederzeit gerne <span class=""highlight-prep"">zur Verfügung</span>."	I am gladly at your disposal at any time for questions and consultations.		• <b>unter Druck stehen</b> (= gestresst sein / bedrängt werden): to be under pressure / to be stressed<br>• <b>auf dem Spiel stehen</b> (= in Gefahr sein): to be at stake / to be in jeopardy (PASSIVE)<br>• <b>außer Zweifel stehen</b> (= sicher sein / unbestreitbar sein): to be beyond doubt / to be indisputable (PASSIVE)<br>• <b>in Widerspruch stehen zu</b> (= widersprechen): to be in contradiction with / to conflict with<br>• <b>unter Verdacht stehen</b> (= verdächtigt werden): to be under suspicion of	Passive state. Contrast with the active 'zur Verfügung stellen'!	What is the <b>prepositional phrase</b>?	B1	level::B1 category::idiom prep::zu case::dat
I-003	Noun-Verb Idiom	zur Verfügung stellen	bereitstellen / anbieten	zur Verfügung	+ Dat.	dat	to make available / to provide / to supply (ACTIVE)	"Die Universität stellt den Forschern modernste Labore <span class=""blank"">[ &hellip; ]</span>."	"Die Universität stellt den Forschern modernste Labore <span class=""highlight-prep"">zur Verfügung</span>."	The university makes state-of-the-art laboratories available to the researchers.		• <b>unter Beweis stellen</b> (= beweisen): to prove / to demonstrate (skills, courage)<br>• <b>in Aussicht stellen</b> (= versprechen / ankündigen): to hold out the prospect of / to promise<br>• <b>in Rechnung stellen</b> (= berechnen / fakturieren): to charge / to invoice for	Active provision. Contrast with 'zur Verfügung stehen'!	What is the <b>prepositional phrase</b>?	B1	level::B1 category::idiom prep::zu case::dat
I-004	Noun-Verb Idiom	in Betracht kommen	möglich sein / in Frage kommen	in Betracht	+ Akk.	akk	to come into consideration / to be eligible	"Für diesen anspruchsvollen Posten kommen nur wenige Kandidaten <span class=""blank"">[ &hellip; ]</span>."	"Für diesen anspruchsvollen Posten kommen nur wenige Kandidaten <span class=""highlight-prep"">in Betracht</span>."	Only a few candidates come into consideration for this demanding post.		• <b>in Frage kommen</b> (= möglich sein / denkbar sein): to be possible / to be considered / to be an option<br>• <b>zur Sprache kommen</b> (= besprochen werden): to come up for discussion / to be discussed (PASSIVE)<br>• <b>ums Leben kommen</b> (= sterben (durch Unfall/Gewalt)): to lose one's life / to be killed (in an accident or catastrophe)<br>• <b>zu Wort kommen</b> (= sprechen dürfen): to get a chance to speak / to have one's say<br>• <b>zum Ausdruck kommen</b> (= deutlich werden / sich zeigen): to be expressed / to become apparent (PASSIVE)<br>• <b>zu einem Entschluss kommen</b> (= sich entschließen): to come to a decision / to make up one's mind<br>• <b>zur Vernunft kommen</b> (= vernünftig werden): to come to one's senses / to see reason<br>• <b>zu Schaden kommen</b> (= verletzt werden / Schaden erleiden): to come to harm / to suffer injury or damage<br>• <b>zur Ruhe kommen</b> (= sich beruhigen / entspannen): to settle down / to find peace / to wind down<br>• <b>in Gang kommen</b> (= anlaufen / starten): to get going / to get under way	Passive potentiality: eligible or considered for a role.	What is the <b>prepositional phrase</b>?	B2	level::B2 category::idiom prep::in case::akk
I-005	Noun-Verb Idiom	in Betracht ziehen	überlegen / abwägen / berücksichtigen	in Betracht	+ Akk.	akk	to take into consideration / to contemplate	"Wir müssen alle denkbaren Risiken sorgfältig <span class=""blank"">[ &hellip; ]</span> ziehen."	"Wir müssen alle denkbaren Risiken sorgfältig <span class=""highlight-prep"">in Betracht</span> ziehen."	We must carefully take all conceivable risks into consideration.		• <b>in Zweifel ziehen</b> (= bezweifeln): to call into question / to doubt (ACTIVE)<br>• <b>zur Verantwortung ziehen</b> (= verantwortlich machen / bestrafen): to hold accountable / to hold responsible	Active decision making: jemanden/etwas in Betracht ziehen.	What is the <b>prepositional phrase</b>?	B1	level::B1 category::idiom prep::in case::akk
I-006	Noun-Verb Idiom	unter Beweis stellen	beweisen	unter Beweis	+ Akk.	akk	to prove / to demonstrate (skills, courage)	"Im entscheidenden Spiel stellte sie ihre herausragende Klasse <span class=""blank"">[ &hellip; ]</span>."	"Im entscheidenden Spiel stellte sie ihre herausragende Klasse <span class=""highlight-prep"">unter Beweis</span>."	In the decisive match, she proved her outstanding class.		• <b>zur Verfügung stellen</b> (= bereitstellen / anbieten): to make available / to provide / to supply (ACTIVE)<br>• <b>in Aussicht stellen</b> (= versprechen / ankündigen): to hold out the prospect of / to promise<br>• <b>in Rechnung stellen</b> (= berechnen / fakturieren): to charge / to invoice for	Formula: sein Können / Mut unter Beweis stellen.	What is the <b>prepositional phrase</b>?	B2	level::B2 category::idiom prep::unter case::akk
I-007	Noun-Verb Idiom	Abschied nehmen von	sich verabschieden	Abschied nehmen	+ Dat.	dat	to say goodbye to / to bid farewell to	"Vor der langen Auslandsreise mussten wir schweren Herzens <span class=""blank"">[ &hellip; ]</span> von unseren Freunden."	"Vor der langen Auslandsreise mussten wir schweren Herzens <span class=""highlight-prep"">Abschied nehmen</span> von unseren Freunden."	Before the long trip abroad, we had to bid farewell to our friends with a heavy heart.		• <b>in Kauf nehmen</b> (= akzeptieren / hinnehmen): to accept / to put up with (negative side-effects or risks)<br>• <b>in Anspruch nehmen</b> (= beanspruchen / nutzen / fordern): to make use of / to take up (time or energy)<br>• <b>in Betrieb nehmen</b> (= starten / einschalten / in Betrieb setzen): to put into operation / to commission (a facility or device)<br>• <b>zur Kenntnis nehmen</b> (= wahrnehmen / registrieren / beachten): to take note of / to acknowledge<br>• <b>Einfluss nehmen auf</b> (= beeinflussen): to exert influence on / to influence<br>• <b>in Schutz nehmen</b> (= verteidigen / schützen): to defend / to stand up for (someone facing criticism)<br>• <b>in Empfang nehmen</b> (= empfangen / annehmen): to receive / to take delivery of (guests, packages, awards)	Elevated expression for 'sich verabschieden von + Dat'.	What is the <b>prepositional phrase</b>?	B1	level::B1 category::idiom prep::von case::dat
I-008	Noun-Verb Idiom	außer Kraft setzen	aufheben / annullieren	außer Kraft	+ Dat.	dat	to repeal / to invalidate / to suspend	"Das Verfassungsgericht setzte das umstrittene Gesetz mit sofortiger Wirkung <span class=""blank"">[ &hellip; ]</span>."	"Das Verfassungsgericht setzte das umstrittene Gesetz mit sofortiger Wirkung <span class=""highlight-prep"">außer Kraft</span>."	The Constitutional Court repealed the controversial law with immediate effect.		• <b>unter Druck setzen</b> (= bedrängen / zwingen): to put pressure on (a person or institution)<br>• <b>aufs Spiel setzen</b> (= riskieren): to put at stake / to gamble with / to risk (ACTIVE)<br>• <b>in Kenntnis setzen</b> (= informieren / benachrichtigen): to inform / to notify<br>• <b>in Gang setzen</b> (= starten / in Bewegung setzen): to set in motion / to trigger	Opposite of 'in Kraft treten/setzen'.	What is the <b>prepositional phrase</b>?	B2	level::B2 category::idiom prep::außer case::dat
I-009	Noun-Verb Idiom	in Kraft treten	gültig werden	in Kraft	+ Akk.	akk	to take effect / to come into force (laws, regulations)	"Die neue europäische Datenschutzverordnung tritt ab Januar <span class=""blank"">[ &hellip; ]</span>."	"Die neue europäische Datenschutzverordnung tritt ab Januar <span class=""highlight-prep"">in Kraft</span>."	The new European data protection regulation takes effect from January.		• <b>in Streik treten</b> (= streiken): to go on strike	Standard legal/journalistic term for legislation taking effect.	What is the <b>prepositional phrase</b>?	B2	level::B2 category::idiom prep::in case::akk
I-010	Noun-Verb Idiom	zur Sprache bringen	ansprechen / thematisieren	zur Sprache	+ Dat.	dat	to bring up for discussion / to raise a topic (ACTIVE)	"Der Betriebsrat wollte die schlechte Bezahlung in der Sitzung <span class=""blank"">[ &hellip; ]</span> bringen."	"Der Betriebsrat wollte die schlechte Bezahlung in der Sitzung <span class=""highlight-prep"">zur Sprache</span> bringen."	The works council wanted to bring up poor pay for discussion in the meeting.		• <b>zu Ende bringen</b> (= beenden / abschließen): to bring to an end / to finish (ACTIVE)<br>• <b>in Ordnung bringen</b> (= reparieren / regeln): to put in order / to fix / to straighten out<br>• <b>zum Ausdruck bringen</b> (= ausdrücken / äußern): to express / to give voice to (ACTIVE)<br>• <b>in Erfahrung bringen</b> (= herausfinden / erfahren): to find out / to ascertain<br>• <b>zum Abschluss bringen</b> (= abschließen / beenden): to conclude / to bring to completion<br>• <b>in Sicherheit bringen</b> (= retten / evakuieren): to bring to safety / to rescue	Active raising of a subject. Contrast with 'zur Sprache kommen'!	What is the <b>prepositional phrase</b>?	B2	level::B2 category::idiom prep::zu case::dat
I-011	Noun-Verb Idiom	zur Sprache kommen	besprochen werden	zur Sprache	+ Dat.	dat	to come up for discussion / to be discussed (PASSIVE)	"In der heutigen Kabinettssitzung kam auch die Bildungsreform <span class=""blank"">[ &hellip; ]</span>."	"In der heutigen Kabinettssitzung kam auch die Bildungsreform <span class=""highlight-prep"">zur Sprache</span>."	In today's cabinet meeting, education reform also came up for discussion.		• <b>in Frage kommen</b> (= möglich sein / denkbar sein): to be possible / to be considered / to be an option<br>• <b>in Betracht kommen</b> (= möglich sein / in Frage kommen): to come into consideration / to be eligible<br>• <b>ums Leben kommen</b> (= sterben (durch Unfall/Gewalt)): to lose one's life / to be killed (in an accident or catastrophe)<br>• <b>zu Wort kommen</b> (= sprechen dürfen): to get a chance to speak / to have one's say<br>• <b>zum Ausdruck kommen</b> (= deutlich werden / sich zeigen): to be expressed / to become apparent (PASSIVE)<br>• <b>zu einem Entschluss kommen</b> (= sich entschließen): to come to a decision / to make up one's mind<br>• <b>zur Vernunft kommen</b> (= vernünftig werden): to come to one's senses / to see reason<br>• <b>zu Schaden kommen</b> (= verletzt werden / Schaden erleiden): to come to harm / to suffer injury or damage<br>• <b>zur Ruhe kommen</b> (= sich beruhigen / entspannen): to settle down / to find peace / to wind down<br>• <b>in Gang kommen</b> (= anlaufen / starten): to get going / to get under way	Passive occurrence of a topic in conversation.	What is the <b>prepositional phrase</b>?	B2	level::B2 category::idiom prep::zu case::dat
I-012	Noun-Verb Idiom	ums Leben kommen	sterben (durch Unfall/Gewalt)	ums Leben	+ Akk.	akk	to lose one's life / to be killed (in an accident or catastrophe)	"Bei dem schweren Autounfall auf der Autobahn kamen zwei Insassen <span class=""blank"">[ &hellip; ]</span>."	"Bei dem schweren Autounfall auf der Autobahn kamen zwei Insassen <span class=""highlight-prep"">ums Leben</span>."	In the severe car crash on the highway, two occupants lost their lives.		• <b>in Frage kommen</b> (= möglich sein / denkbar sein): to be possible / to be considered / to be an option<br>• <b>in Betracht kommen</b> (= möglich sein / in Frage kommen): to come into consideration / to be eligible<br>• <b>zur Sprache kommen</b> (= besprochen werden): to come up for discussion / to be discussed (PASSIVE)<br>• <b>zu Wort kommen</b> (= sprechen dürfen): to get a chance to speak / to have one's say<br>• <b>zum Ausdruck kommen</b> (= deutlich werden / sich zeigen): to be expressed / to become apparent (PASSIVE)<br>• <b>zu einem Entschluss kommen</b> (= sich entschließen): to come to a decision / to make up one's mind<br>• <b>zur Vernunft kommen</b> (= vernünftig werden): to come to one's senses / to see reason<br>• <b>zu Schaden kommen</b> (= verletzt werden / Schaden erleiden): to come to harm / to suffer injury or damage<br>• <b>zur Ruhe kommen</b> (= sich beruhigen / entspannen): to settle down / to find peace / to wind down<br>• <b>in Gang kommen</b> (= anlaufen / starten): to get going / to get under way	High frequency in news reporting for accidental or unnatural deaths.	What is the <b>prepositional phrase</b>?	B1	level::B1 category::idiom prep::um case::akk
I-013	Noun-Verb Idiom	in Kauf nehmen	akzeptieren / hinnehmen	in Kauf	+ Akk.	akk	to accept / to put up with (negative side-effects or risks)	"Wer schnell reisen will, muss gelegentliche Verspätungen <span class=""blank"">[ &hellip; ]</span> nehmen."	"Wer schnell reisen will, muss gelegentliche Verspätungen <span class=""highlight-prep"">in Kauf</span> nehmen."	Whoever wants to travel fast must put up with occasional delays.		• <b>Abschied nehmen von</b> (= sich verabschieden): to say goodbye to / to bid farewell to<br>• <b>in Anspruch nehmen</b> (= beanspruchen / nutzen / fordern): to make use of / to take up (time or energy)<br>• <b>in Betrieb nehmen</b> (= starten / einschalten / in Betrieb setzen): to put into operation / to commission (a facility or device)<br>• <b>zur Kenntnis nehmen</b> (= wahrnehmen / registrieren / beachten): to take note of / to acknowledge<br>• <b>Einfluss nehmen auf</b> (= beeinflussen): to exert influence on / to influence<br>• <b>in Schutz nehmen</b> (= verteidigen / schützen): to defend / to stand up for (someone facing criticism)<br>• <b>in Empfang nehmen</b> (= empfangen / annehmen): to receive / to take delivery of (guests, packages, awards)	Willingly accepting an unavoidable disadvantage.	What is the <b>prepositional phrase</b>?	B2	level::B2 category::idiom prep::in case::akk
I-014	Noun-Verb Idiom	zu Ende bringen	beenden / abschließen	zu Ende	+ Dat.	dat	to bring to an end / to finish (ACTIVE)	"Trotz aller Widrigkeiten brachten die Bauherren das Projekt erfolgreich <span class=""blank"">[ &hellip; ]</span>."	"Trotz aller Widrigkeiten brachten die Bauherren das Projekt erfolgreich <span class=""highlight-prep"">zu Ende</span>."	Despite all adversities, the builders successfully brought the project to completion.		• <b>zur Sprache bringen</b> (= ansprechen / thematisieren): to bring up for discussion / to raise a topic (ACTIVE)<br>• <b>in Ordnung bringen</b> (= reparieren / regeln): to put in order / to fix / to straighten out<br>• <b>zum Ausdruck bringen</b> (= ausdrücken / äußern): to express / to give voice to (ACTIVE)<br>• <b>in Erfahrung bringen</b> (= herausfinden / erfahren): to find out / to ascertain<br>• <b>zum Abschluss bringen</b> (= abschließen / beenden): to conclude / to bring to completion<br>• <b>in Sicherheit bringen</b> (= retten / evakuieren): to bring to safety / to rescue	Actively concluding a task or project.	What is the <b>prepositional phrase</b>?	A2	level::A2 category::idiom prep::zu case::dat
I-015	Noun-Verb Idiom	zu Ende gehen	enden	zu Ende	+ Dat.	dat	to come to an end / to draw to a close (PASSIVE)	"Ein langes und ereignisreiches Schuljahr geht nun endlich <span class=""blank"">[ &hellip; ]</span>."	"Ein langes und ereignisreiches Schuljahr geht nun endlich <span class=""highlight-prep"">zu Ende</span>."	A long and eventful school year is now finally coming to an end.			Intransitive ending: 'Der Sommer geht zu Ende'.	What is the <b>prepositional phrase</b>?	A2	level::A2 category::idiom prep::zu case::dat
I-016	Noun-Verb Idiom	unter Druck setzen	bedrängen / zwingen	unter Druck	+ Akk.	akk	to put pressure on (a person or institution)	"Der Chef setzte seine Mitarbeiter mit knappen Fristen <span class=""blank"">[ &hellip; ]</span>."	"Der Chef setzte seine Mitarbeiter mit knappen Fristen <span class=""highlight-prep"">unter Druck</span>."	The boss put his employees under pressure with tight deadlines.		• <b>außer Kraft setzen</b> (= aufheben / annullieren): to repeal / to invalidate / to suspend<br>• <b>aufs Spiel setzen</b> (= riskieren): to put at stake / to gamble with / to risk (ACTIVE)<br>• <b>in Kenntnis setzen</b> (= informieren / benachrichtigen): to inform / to notify<br>• <b>in Gang setzen</b> (= starten / in Bewegung setzen): to set in motion / to trigger	Active coercion or stress: jemanden unter Druck setzen.	What is the <b>prepositional phrase</b>?	B1	level::B1 category::idiom prep::unter case::akk
I-017	Noun-Verb Idiom	unter Druck stehen	gestresst sein / bedrängt werden	unter Druck	+ Dat.	dat	to be under pressure / to be stressed	"Die Ärzte auf der Notaufnahme stehen ständig <span class=""blank"">[ &hellip; ]</span>."	"Die Ärzte auf der Notaufnahme stehen ständig <span class=""highlight-prep"">unter Druck</span>."	Doctors in the emergency room are constantly under pressure.		• <b>zur Verfügung stehen</b> (= vorhanden sein / verfügbar sein): to be available / to be at someone's disposal (PASSIVE)<br>• <b>auf dem Spiel stehen</b> (= in Gefahr sein): to be at stake / to be in jeopardy (PASSIVE)<br>• <b>außer Zweifel stehen</b> (= sicher sein / unbestreitbar sein): to be beyond doubt / to be indisputable (PASSIVE)<br>• <b>in Widerspruch stehen zu</b> (= widersprechen): to be in contradiction with / to conflict with<br>• <b>unter Verdacht stehen</b> (= verdächtigt werden): to be under suspicion of	Passive state of being stressed.	What is the <b>prepositional phrase</b>?	B1	level::B1 category::idiom prep::unter case::dat
I-018	Noun-Verb Idiom	in Anspruch nehmen	beanspruchen / nutzen / fordern	in Anspruch	+ Akk.	akk	to make use of / to take up (time or energy)	"Die aufwendige Restaurierung wird noch viel Zeit <span class=""blank"">[ &hellip; ]</span> nehmen."	"Die aufwendige Restaurierung wird noch viel Zeit <span class=""highlight-prep"">in Anspruch</span> nehmen."	The elaborate restoration will take up a lot more time.		• <b>Abschied nehmen von</b> (= sich verabschieden): to say goodbye to / to bid farewell to<br>• <b>in Kauf nehmen</b> (= akzeptieren / hinnehmen): to accept / to put up with (negative side-effects or risks)<br>• <b>in Betrieb nehmen</b> (= starten / einschalten / in Betrieb setzen): to put into operation / to commission (a facility or device)<br>• <b>zur Kenntnis nehmen</b> (= wahrnehmen / registrieren / beachten): to take note of / to acknowledge<br>• <b>Einfluss nehmen auf</b> (= beeinflussen): to exert influence on / to influence<br>• <b>in Schutz nehmen</b> (= verteidigen / schützen): to defend / to stand up for (someone facing criticism)<br>• <b>in Empfang nehmen</b> (= empfangen / annehmen): to receive / to take delivery of (guests, packages, awards)	Very common in formal German for taking time or using a service.	What is the <b>prepositional phrase</b>?	B2	level::B2 category::idiom prep::in case::akk
I-019	Noun-Verb Idiom	in Betrieb nehmen	starten / einschalten / in Betrieb setzen	in Betrieb	+ Akk.	akk	to put into operation / to commission (a facility or device)	"Die Stadtwerke nahmen gestern die neue Kläranlage feierlich <span class=""blank"">[ &hellip; ]</span>."	"Die Stadtwerke nahmen gestern die neue Kläranlage feierlich <span class=""highlight-prep"">in Betrieb</span>."	Yesterday the municipal utilities ceremoniously commissioned the new sewage treatment plant.		• <b>Abschied nehmen von</b> (= sich verabschieden): to say goodbye to / to bid farewell to<br>• <b>in Kauf nehmen</b> (= akzeptieren / hinnehmen): to accept / to put up with (negative side-effects or risks)<br>• <b>in Anspruch nehmen</b> (= beanspruchen / nutzen / fordern): to make use of / to take up (time or energy)<br>• <b>zur Kenntnis nehmen</b> (= wahrnehmen / registrieren / beachten): to take note of / to acknowledge<br>• <b>Einfluss nehmen auf</b> (= beeinflussen): to exert influence on / to influence<br>• <b>in Schutz nehmen</b> (= verteidigen / schützen): to defend / to stand up for (someone facing criticism)<br>• <b>in Empfang nehmen</b> (= empfangen / annehmen): to receive / to take delivery of (guests, packages, awards)	Engineering and industrial commissioning.	What is the <b>prepositional phrase</b>?	B2	level::B2 category::idiom prep::in case::akk
I-020	Noun-Verb Idiom	zur Folge haben	verursachen / bewirken	zur Folge	+ Dat.	dat	to result in / to have as a consequence	"Der Streik des Sicherheitspersonals hatte zahlreiche Flugausfälle <span class=""blank"">[ &hellip; ]</span>."	"Der Streik des Sicherheitspersonals hatte zahlreiche Flugausfälle <span class=""highlight-prep"">zur Folge</span>."	The strike of the security staff resulted in numerous flight cancellations.			Formula: etwas (Akk) zur Folge haben.	What is the <b>prepositional phrase</b>?	B2	level::B2 category::idiom prep::zu case::dat
I-021	Noun-Verb Idiom	zu Wort kommen	sprechen dürfen	zu Wort	+ Dat.	dat	to get a chance to speak / to have one's say	"In der hitzigen Debatte kam der jüngste Abgeordnete kaum <span class=""blank"">[ &hellip; ]</span>."	"In der hitzigen Debatte kam der jüngste Abgeordnete kaum <span class=""highlight-prep"">zu Wort</span>."	In the heated debate, the youngest deputy barely got a chance to speak.		• <b>in Frage kommen</b> (= möglich sein / denkbar sein): to be possible / to be considered / to be an option<br>• <b>in Betracht kommen</b> (= möglich sein / in Frage kommen): to come into consideration / to be eligible<br>• <b>zur Sprache kommen</b> (= besprochen werden): to come up for discussion / to be discussed (PASSIVE)<br>• <b>ums Leben kommen</b> (= sterben (durch Unfall/Gewalt)): to lose one's life / to be killed (in an accident or catastrophe)<br>• <b>zum Ausdruck kommen</b> (= deutlich werden / sich zeigen): to be expressed / to become apparent (PASSIVE)<br>• <b>zu einem Entschluss kommen</b> (= sich entschließen): to come to a decision / to make up one's mind<br>• <b>zur Vernunft kommen</b> (= vernünftig werden): to come to one's senses / to see reason<br>• <b>zu Schaden kommen</b> (= verletzt werden / Schaden erleiden): to come to harm / to suffer injury or damage<br>• <b>zur Ruhe kommen</b> (= sich beruhigen / entspannen): to settle down / to find peace / to wind down<br>• <b>in Gang kommen</b> (= anlaufen / starten): to get going / to get under way	Idiom for gaining the floor in a discussion.	What is the <b>prepositional phrase</b>?	B1	level::B1 category::idiom prep::zu case::dat
I-022	Noun-Verb Idiom	aufs Spiel setzen	riskieren	aufs Spiel	+ Akk.	akk	to put at stake / to gamble with / to risk (ACTIVE)	"Mit diesem riskanten Manöver setzte der Fahrer sein eigenes Leben <span class=""blank"">[ &hellip; ]</span>."	"Mit diesem riskanten Manöver setzte der Fahrer sein eigenes Leben <span class=""highlight-prep"">aufs Spiel</span>."	With this risky maneuver, the driver put his own life at stake.		• <b>außer Kraft setzen</b> (= aufheben / annullieren): to repeal / to invalidate / to suspend<br>• <b>unter Druck setzen</b> (= bedrängen / zwingen): to put pressure on (a person or institution)<br>• <b>in Kenntnis setzen</b> (= informieren / benachrichtigen): to inform / to notify<br>• <b>in Gang setzen</b> (= starten / in Bewegung setzen): to set in motion / to trigger	Active endangering of an asset or life.	What is the <b>prepositional phrase</b>?	B2	level::B2 category::idiom prep::auf case::akk
I-023	Noun-Verb Idiom	auf dem Spiel stehen	in Gefahr sein	auf dem Spiel	+ Dat.	dat	to be at stake / to be in jeopardy (PASSIVE)	"Bei dieser richtungsweisenden Wahl steht die Zukunft des Landes <span class=""blank"">[ &hellip; ]</span>."	"Bei dieser richtungsweisenden Wahl steht die Zukunft des Landes <span class=""highlight-prep"">auf dem Spiel</span>."	In this pivotal election, the future of the country is at stake.		• <b>zur Verfügung stehen</b> (= vorhanden sein / verfügbar sein): to be available / to be at someone's disposal (PASSIVE)<br>• <b>unter Druck stehen</b> (= gestresst sein / bedrängt werden): to be under pressure / to be stressed<br>• <b>außer Zweifel stehen</b> (= sicher sein / unbestreitbar sein): to be beyond doubt / to be indisputable (PASSIVE)<br>• <b>in Widerspruch stehen zu</b> (= widersprechen): to be in contradiction with / to conflict with<br>• <b>unter Verdacht stehen</b> (= verdächtigt werden): to be under suspicion of	Passive peril: 'etwas steht auf dem Spiel'.	What is the <b>prepositional phrase</b>?	B2	level::B2 category::idiom prep::auf case::dat
I-024	Noun-Verb Idiom	in Ordnung bringen	reparieren / regeln	in Ordnung	+ Akk.	akk	to put in order / to fix / to straighten out	"Mach dir keine Sorgen, wir werden das Missgeschick schon wieder <span class=""blank"">[ &hellip; ]</span> bringen."	"Mach dir keine Sorgen, wir werden das Missgeschick schon wieder <span class=""highlight-prep"">in Ordnung</span> bringen."	Don't worry, we will straighten out the mishap.		• <b>zur Sprache bringen</b> (= ansprechen / thematisieren): to bring up for discussion / to raise a topic (ACTIVE)<br>• <b>zu Ende bringen</b> (= beenden / abschließen): to bring to an end / to finish (ACTIVE)<br>• <b>zum Ausdruck bringen</b> (= ausdrücken / äußern): to express / to give voice to (ACTIVE)<br>• <b>in Erfahrung bringen</b> (= herausfinden / erfahren): to find out / to ascertain<br>• <b>zum Abschluss bringen</b> (= abschließen / beenden): to conclude / to bring to completion<br>• <b>in Sicherheit bringen</b> (= retten / evakuieren): to bring to safety / to rescue	High frequency in everyday conversation.	What is the <b>prepositional phrase</b>?	A2	level::A2 category::idiom prep::in case::akk
I-025	Noun-Verb Idiom	in Streik treten	streiken	in Streik	+ Akk.	akk	to go on strike	"Die Lokführer traten ab Mitternacht für 48 Stunden <span class=""blank"">[ &hellip; ]</span>."	"Die Lokführer traten ab Mitternacht für 48 Stunden <span class=""highlight-prep"">in Streik</span>."	The train drivers went on strike from midnight for 48 hours.		• <b>in Kraft treten</b> (= gültig werden): to take effect / to come into force (laws, regulations)	Labor action: in Streik treten.	What is the <b>prepositional phrase</b>?	B1	level::B1 category::idiom prep::in case::akk
I-026	Noun-Verb Idiom	zum Ausdruck bringen	ausdrücken / äußern	zum Ausdruck	+ Dat.	dat	to express / to give voice to (ACTIVE)	"Der Präsident brachte seine tiefe Trauer <span class=""blank"">[ &hellip; ]</span>."	"Der Präsident brachte seine tiefe Trauer <span class=""highlight-prep"">zum Ausdruck</span>."	The president gave expression to his deep grief.		• <b>zur Sprache bringen</b> (= ansprechen / thematisieren): to bring up for discussion / to raise a topic (ACTIVE)<br>• <b>zu Ende bringen</b> (= beenden / abschließen): to bring to an end / to finish (ACTIVE)<br>• <b>in Ordnung bringen</b> (= reparieren / regeln): to put in order / to fix / to straighten out<br>• <b>in Erfahrung bringen</b> (= herausfinden / erfahren): to find out / to ascertain<br>• <b>zum Abschluss bringen</b> (= abschließen / beenden): to conclude / to bring to completion<br>• <b>in Sicherheit bringen</b> (= retten / evakuieren): to bring to safety / to rescue	Formal active formulation of feelings or opinions.	What is the <b>prepositional phrase</b>?	B2	level::B2 category::idiom prep::zu case::dat
I-027	Noun-Verb Idiom	zum Ausdruck kommen	deutlich werden / sich zeigen	zum Ausdruck	+ Dat.	dat	to be expressed / to become apparent (PASSIVE)	"In seinem poetischen Werk kommt die Liebe zur Natur stark <span class=""blank"">[ &hellip; ]</span>."	"In seinem poetischen Werk kommt die Liebe zur Natur stark <span class=""highlight-prep"">zum Ausdruck</span>."	In his poetic work, love of nature is strongly expressed.		• <b>in Frage kommen</b> (= möglich sein / denkbar sein): to be possible / to be considered / to be an option<br>• <b>in Betracht kommen</b> (= möglich sein / in Frage kommen): to come into consideration / to be eligible<br>• <b>zur Sprache kommen</b> (= besprochen werden): to come up for discussion / to be discussed (PASSIVE)<br>• <b>ums Leben kommen</b> (= sterben (durch Unfall/Gewalt)): to lose one's life / to be killed (in an accident or catastrophe)<br>• <b>zu Wort kommen</b> (= sprechen dürfen): to get a chance to speak / to have one's say<br>• <b>zu einem Entschluss kommen</b> (= sich entschließen): to come to a decision / to make up one's mind<br>• <b>zur Vernunft kommen</b> (= vernünftig werden): to come to one's senses / to see reason<br>• <b>zu Schaden kommen</b> (= verletzt werden / Schaden erleiden): to come to harm / to suffer injury or damage<br>• <b>zur Ruhe kommen</b> (= sich beruhigen / entspannen): to settle down / to find peace / to wind down<br>• <b>in Gang kommen</b> (= anlaufen / starten): to get going / to get under way	Passive manifestation.	What is the <b>prepositional phrase</b>?	B2	level::B2 category::idiom prep::zu case::dat
I-028	Noun-Verb Idiom	zu einem Entschluss kommen	sich entschließen	zu einem Entschluss	+ Dat.	dat	to come to a decision / to make up one's mind	"Nach reiflicher Überlegung kam der Vorstand endlich <span class=""blank"">[ &hellip; ]</span>."	"Nach reiflicher Überlegung kam der Vorstand endlich <span class=""highlight-prep"">zu einem Entschluss</span>."	After mature consideration, the board finally came to a decision.		• <b>in Frage kommen</b> (= möglich sein / denkbar sein): to be possible / to be considered / to be an option<br>• <b>in Betracht kommen</b> (= möglich sein / in Frage kommen): to come into consideration / to be eligible<br>• <b>zur Sprache kommen</b> (= besprochen werden): to come up for discussion / to be discussed (PASSIVE)<br>• <b>ums Leben kommen</b> (= sterben (durch Unfall/Gewalt)): to lose one's life / to be killed (in an accident or catastrophe)<br>• <b>zu Wort kommen</b> (= sprechen dürfen): to get a chance to speak / to have one's say<br>• <b>zum Ausdruck kommen</b> (= deutlich werden / sich zeigen): to be expressed / to become apparent (PASSIVE)<br>• <b>zur Vernunft kommen</b> (= vernünftig werden): to come to one's senses / to see reason<br>• <b>zu Schaden kommen</b> (= verletzt werden / Schaden erleiden): to come to harm / to suffer injury or damage<br>• <b>zur Ruhe kommen</b> (= sich beruhigen / entspannen): to settle down / to find peace / to wind down<br>• <b>in Gang kommen</b> (= anlaufen / starten): to get going / to get under way	Arriving at a firm choice.	What is the <b>prepositional phrase</b>?	B2	level::B2 category::idiom prep::zu case::dat
I-029	Noun-Verb Idiom	außer Zweifel stehen	sicher sein / unbestreitbar sein	außer Zweifel	+ Dat.	dat	to be beyond doubt / to be indisputable (PASSIVE)	"Dass der Klimawandel vom Menschen beschleunigt wird, steht <span class=""blank"">[ &hellip; ]</span>."	"Dass der Klimawandel vom Menschen beschleunigt wird, steht <span class=""highlight-prep"">außer Zweifel</span>."	That climate change is accelerated by humans is beyond doubt.		• <b>zur Verfügung stehen</b> (= vorhanden sein / verfügbar sein): to be available / to be at someone's disposal (PASSIVE)<br>• <b>unter Druck stehen</b> (= gestresst sein / bedrängt werden): to be under pressure / to be stressed<br>• <b>auf dem Spiel stehen</b> (= in Gefahr sein): to be at stake / to be in jeopardy (PASSIVE)<br>• <b>in Widerspruch stehen zu</b> (= widersprechen): to be in contradiction with / to conflict with<br>• <b>unter Verdacht stehen</b> (= verdächtigt werden): to be under suspicion of	Denotes an undeniable truth.	What is the <b>prepositional phrase</b>?	B2	level::B2 category::idiom prep::außer case::dat
I-030	Noun-Verb Idiom	in Zweifel ziehen	bezweifeln	in Zweifel	+ Akk.	akk	to call into question / to doubt (ACTIVE)	"Niemand wagte es, die fachliche Autorität des Professors <span class=""blank"">[ &hellip; ]</span> zu ziehen."	"Niemand wagte es, die fachliche Autorität des Professors <span class=""highlight-prep"">in Zweifel</span> zu ziehen."	Nobody dared to call the professor's professional authority into question.		• <b>in Betracht ziehen</b> (= überlegen / abwägen / berücksichtigen): to take into consideration / to contemplate<br>• <b>zur Verantwortung ziehen</b> (= verantwortlich machen / bestrafen): to hold accountable / to hold responsible	Formula: etwas (Akk) in Zweifel ziehen.	What is the <b>prepositional phrase</b>?	B2	level::B2 category::idiom prep::in case::akk
I-031	Noun-Verb Idiom	zur Kenntnis nehmen	wahrnehmen / registrieren / beachten	zur Kenntnis	+ Dat.	dat	to take note of / to acknowledge	"Wir haben Ihre Beschwerde <span class=""blank"">[ &hellip; ]</span> genommen und prüfen den Sachverhalt."	"Wir haben Ihre Beschwerde <span class=""highlight-prep"">zur Kenntnis</span> genommen und prüfen den Sachverhalt."	We have taken note of your complaint and are examining the facts.		• <b>Abschied nehmen von</b> (= sich verabschieden): to say goodbye to / to bid farewell to<br>• <b>in Kauf nehmen</b> (= akzeptieren / hinnehmen): to accept / to put up with (negative side-effects or risks)<br>• <b>in Anspruch nehmen</b> (= beanspruchen / nutzen / fordern): to make use of / to take up (time or energy)<br>• <b>in Betrieb nehmen</b> (= starten / einschalten / in Betrieb setzen): to put into operation / to commission (a facility or device)<br>• <b>Einfluss nehmen auf</b> (= beeinflussen): to exert influence on / to influence<br>• <b>in Schutz nehmen</b> (= verteidigen / schützen): to defend / to stand up for (someone facing criticism)<br>• <b>in Empfang nehmen</b> (= empfangen / annehmen): to receive / to take delivery of (guests, packages, awards)	Essential formal business formula.	What is the <b>prepositional phrase</b>?	B1	level::B1 category::idiom prep::zu case::dat
I-032	Noun-Verb Idiom	in Kenntnis setzen	informieren / benachrichtigen	in Kenntnis	+ Akk.	akk	to inform / to notify	"Bitte setzen Sie mich unverzüglich <span class=""blank"">[ &hellip; ]</span>, sobald neue Daten vorliegen."	"Bitte setzen Sie mich unverzüglich <span class=""highlight-prep"">in Kenntnis</span>, sobald neue Daten vorliegen."	Please notify me immediately as soon as new data is available.		• <b>außer Kraft setzen</b> (= aufheben / annullieren): to repeal / to invalidate / to suspend<br>• <b>unter Druck setzen</b> (= bedrängen / zwingen): to put pressure on (a person or institution)<br>• <b>aufs Spiel setzen</b> (= riskieren): to put at stake / to gamble with / to risk (ACTIVE)<br>• <b>in Gang setzen</b> (= starten / in Bewegung setzen): to set in motion / to trigger	Formula: jemanden in Kenntnis setzen über + Akk.	What is the <b>prepositional phrase</b>?	B2	level::B2 category::idiom prep::in case::akk
I-033	Noun-Verb Idiom	in Erfahrung bringen	herausfinden / erfahren	in Erfahrung	+ Akk.	akk	to find out / to ascertain	"Der Journalist versuchte, die geheimen Hintergründe <span class=""blank"">[ &hellip; ]</span> zu bringen."	"Der Journalist versuchte, die geheimen Hintergründe <span class=""highlight-prep"">in Erfahrung</span> zu bringen."	The journalist tried to find out the secret background.		• <b>zur Sprache bringen</b> (= ansprechen / thematisieren): to bring up for discussion / to raise a topic (ACTIVE)<br>• <b>zu Ende bringen</b> (= beenden / abschließen): to bring to an end / to finish (ACTIVE)<br>• <b>in Ordnung bringen</b> (= reparieren / regeln): to put in order / to fix / to straighten out<br>• <b>zum Ausdruck bringen</b> (= ausdrücken / äußern): to express / to give voice to (ACTIVE)<br>• <b>zum Abschluss bringen</b> (= abschließen / beenden): to conclude / to bring to completion<br>• <b>in Sicherheit bringen</b> (= retten / evakuieren): to bring to safety / to rescue	Formula: etwas (Akk) in Erfahrung bringen.	What is the <b>prepositional phrase</b>?	B2	level::B2 category::idiom prep::in case::akk
I-034	Noun-Verb Idiom	zur Vernunft kommen	vernünftig werden	zur Vernunft	+ Dat.	dat	to come to one's senses / to see reason	"Hoffentlich kommt er bald <span class=""blank"">[ &hellip; ]</span> und beendet diesen sinnlosen Streit."	"Hoffentlich kommt er bald <span class=""highlight-prep"">zur Vernunft</span> und beendet diesen sinnlosen Streit."	Hopefully he will come to his senses soon and end this senseless argument.		• <b>in Frage kommen</b> (= möglich sein / denkbar sein): to be possible / to be considered / to be an option<br>• <b>in Betracht kommen</b> (= möglich sein / in Frage kommen): to come into consideration / to be eligible<br>• <b>zur Sprache kommen</b> (= besprochen werden): to come up for discussion / to be discussed (PASSIVE)<br>• <b>ums Leben kommen</b> (= sterben (durch Unfall/Gewalt)): to lose one's life / to be killed (in an accident or catastrophe)<br>• <b>zu Wort kommen</b> (= sprechen dürfen): to get a chance to speak / to have one's say<br>• <b>zum Ausdruck kommen</b> (= deutlich werden / sich zeigen): to be expressed / to become apparent (PASSIVE)<br>• <b>zu einem Entschluss kommen</b> (= sich entschließen): to come to a decision / to make up one's mind<br>• <b>zu Schaden kommen</b> (= verletzt werden / Schaden erleiden): to come to harm / to suffer injury or damage<br>• <b>zur Ruhe kommen</b> (= sich beruhigen / entspannen): to settle down / to find peace / to wind down<br>• <b>in Gang kommen</b> (= anlaufen / starten): to get going / to get under way	Behavioral turnaround: zur Vernunft kommen.	What is the <b>prepositional phrase</b>?	B2	level::B2 category::idiom prep::zu case::dat
I-035	Noun-Verb Idiom	zum Abschluss bringen	abschließen / beenden	zum Abschluss	+ Dat.	dat	to conclude / to bring to completion	"Nach jahrelangen Verhandlungen brachten die Diplomaten den Vertrag <span class=""blank"">[ &hellip; ]</span>."	"Nach jahrelangen Verhandlungen brachten die Diplomaten den Vertrag <span class=""highlight-prep"">zum Abschluss</span>."	After years of negotiations, diplomats brought the treaty to a conclusion.		• <b>zur Sprache bringen</b> (= ansprechen / thematisieren): to bring up for discussion / to raise a topic (ACTIVE)<br>• <b>zu Ende bringen</b> (= beenden / abschließen): to bring to an end / to finish (ACTIVE)<br>• <b>in Ordnung bringen</b> (= reparieren / regeln): to put in order / to fix / to straighten out<br>• <b>zum Ausdruck bringen</b> (= ausdrücken / äußern): to express / to give voice to (ACTIVE)<br>• <b>in Erfahrung bringen</b> (= herausfinden / erfahren): to find out / to ascertain<br>• <b>in Sicherheit bringen</b> (= retten / evakuieren): to bring to safety / to rescue	Active completion of formal contracts/projects.	What is the <b>prepositional phrase</b>?	B2	level::B2 category::idiom prep::zu case::dat
I-036	Noun-Verb Idiom	in Aussicht stellen	versprechen / ankündigen	in Aussicht	+ Akk.	akk	to hold out the prospect of / to promise	"Der Abteilungsleiter stellte ihm für das nächste Jahr eine Beförderung <span class=""blank"">[ &hellip; ]</span>."	"Der Abteilungsleiter stellte ihm für das nächste Jahr eine Beförderung <span class=""highlight-prep"">in Aussicht</span>."	The department head held out the prospect of a promotion for him next year.		• <b>zur Verfügung stellen</b> (= bereitstellen / anbieten): to make available / to provide / to supply (ACTIVE)<br>• <b>unter Beweis stellen</b> (= beweisen): to prove / to demonstrate (skills, courage)<br>• <b>in Rechnung stellen</b> (= berechnen / fakturieren): to charge / to invoice for	Formula: jemandem (Dat) etwas (Akk) in Aussicht stellen.	What is the <b>prepositional phrase</b>?	B2	level::B2 category::idiom prep::in case::akk
I-037	Noun-Verb Idiom	zur Verantwortung ziehen	verantwortlich machen / bestrafen	zur Verantwortung	+ Dat.	dat	to hold accountable / to hold responsible	"Die Verantwortlichen für den Skandal müssen vor Gericht <span class=""blank"">[ &hellip; ]</span> gezogen werden."	"Die Verantwortlichen für den Skandal müssen vor Gericht <span class=""highlight-prep"">zur Verantwortung</span> gezogen werden."	Those responsible for the scandal must be held accountable in court.		• <b>in Betracht ziehen</b> (= überlegen / abwägen / berücksichtigen): to take into consideration / to contemplate<br>• <b>in Zweifel ziehen</b> (= bezweifeln): to call into question / to doubt (ACTIVE)	Formula: jemanden zur Verantwortung ziehen.	What is the <b>prepositional phrase</b>?	B2	level::B2 category::idiom prep::zu case::dat
I-038	Noun-Verb Idiom	in die Tat umsetzen	verwirklichen / realisieren	in die Tat	+ Akk.	akk	to put into practice / to implement / to realize	"Es reicht nicht, gute Ideen zu haben, man muss sie auch <span class=""blank"">[ &hellip; ]</span> umsetzen."	"Es reicht nicht, gute Ideen zu haben, man muss sie auch <span class=""highlight-prep"">in die Tat</span> umsetzen."	It is not enough to have good ideas, one must also put them into practice.			Formula: Pläne / Ideen in die Tat umsetzen.	What is the <b>prepositional phrase</b>?	B2	level::B2 category::idiom prep::in case::akk
I-039	Noun-Verb Idiom	zu Schaden kommen	verletzt werden / Schaden erleiden	zu Schaden	+ Dat.	dat	to come to harm / to suffer injury or damage	"Glücklicherweise kam bei dem Brand im Schulgebäude niemand <span class=""blank"">[ &hellip; ]</span>."	"Glücklicherweise kam bei dem Brand im Schulgebäude niemand <span class=""highlight-prep"">zu Schaden</span>."	Fortunately, nobody came to harm in the fire in the school building.		• <b>in Frage kommen</b> (= möglich sein / denkbar sein): to be possible / to be considered / to be an option<br>• <b>in Betracht kommen</b> (= möglich sein / in Frage kommen): to come into consideration / to be eligible<br>• <b>zur Sprache kommen</b> (= besprochen werden): to come up for discussion / to be discussed (PASSIVE)<br>• <b>ums Leben kommen</b> (= sterben (durch Unfall/Gewalt)): to lose one's life / to be killed (in an accident or catastrophe)<br>• <b>zu Wort kommen</b> (= sprechen dürfen): to get a chance to speak / to have one's say<br>• <b>zum Ausdruck kommen</b> (= deutlich werden / sich zeigen): to be expressed / to become apparent (PASSIVE)<br>• <b>zu einem Entschluss kommen</b> (= sich entschließen): to come to a decision / to make up one's mind<br>• <b>zur Vernunft kommen</b> (= vernünftig werden): to come to one's senses / to see reason<br>• <b>zur Ruhe kommen</b> (= sich beruhigen / entspannen): to settle down / to find peace / to wind down<br>• <b>in Gang kommen</b> (= anlaufen / starten): to get going / to get under way	Formula: (nicht) zu Schaden kommen.	What is the <b>prepositional phrase</b>?	B2	level::B2 category::idiom prep::zu case::dat
I-040	Noun-Verb Idiom	zur Last fallen	belasten / eine Bürde sein	zur Last	+ Dat.	dat	to become a burden to someone	"Die alte Dame wollte ihren erwachsenen Kindern keinesfalls <span class=""blank"">[ &hellip; ]</span> fallen."	"Die alte Dame wollte ihren erwachsenen Kindern keinesfalls <span class=""highlight-prep"">zur Last</span> fallen."	The old lady by no means wanted to become a burden to her adult children.			Formula: jemandem (Dat) zur Last fallen.	What is the <b>prepositional phrase</b>?	B2	level::B2 category::idiom prep::zu case::dat
I-041	Noun-Verb Idiom	in Widerspruch stehen zu	widersprechen	in Widerspruch	+ Dat.	dat	to be in contradiction with / to conflict with	"Diese Aussage steht in klarem <span class=""blank"">[ &hellip; ]</span> zu den früheren Zeugenaussagen."	"Diese Aussage steht in klarem <span class=""highlight-prep"">in Widerspruch</span> zu den früheren Zeugenaussagen."	This statement is in clear contradiction to earlier witness testimonies.		• <b>zur Verfügung stehen</b> (= vorhanden sein / verfügbar sein): to be available / to be at someone's disposal (PASSIVE)<br>• <b>unter Druck stehen</b> (= gestresst sein / bedrängt werden): to be under pressure / to be stressed<br>• <b>auf dem Spiel stehen</b> (= in Gefahr sein): to be at stake / to be in jeopardy (PASSIVE)<br>• <b>außer Zweifel stehen</b> (= sicher sein / unbestreitbar sein): to be beyond doubt / to be indisputable (PASSIVE)<br>• <b>unter Verdacht stehen</b> (= verdächtigt werden): to be under suspicion of	Logical or factual clash: in Widerspruch stehen zu + Dat.	What is the <b>prepositional phrase</b>?	B2	level::B2 category::idiom prep::in case::dat
I-042	Noun-Verb Idiom	Einfluss nehmen auf	beeinflussen	Einfluss nehmen	+ Akk.	akk	to exert influence on / to influence	"Lobbyisten versuchten massiv, <span class=""blank"">[ &hellip; ]</span> auf die Gesetzgebung zu nehmen."	"Lobbyisten versuchten massiv, <span class=""highlight-prep"">Einfluss nehmen</span> auf die Gesetzgebung zu nehmen."	Lobbyists tried massively to exert influence on legislation.		• <b>Abschied nehmen von</b> (= sich verabschieden): to say goodbye to / to bid farewell to<br>• <b>in Kauf nehmen</b> (= akzeptieren / hinnehmen): to accept / to put up with (negative side-effects or risks)<br>• <b>in Anspruch nehmen</b> (= beanspruchen / nutzen / fordern): to make use of / to take up (time or energy)<br>• <b>in Betrieb nehmen</b> (= starten / einschalten / in Betrieb setzen): to put into operation / to commission (a facility or device)<br>• <b>zur Kenntnis nehmen</b> (= wahrnehmen / registrieren / beachten): to take note of / to acknowledge<br>• <b>in Schutz nehmen</b> (= verteidigen / schützen): to defend / to stand up for (someone facing criticism)<br>• <b>in Empfang nehmen</b> (= empfangen / annehmen): to receive / to take delivery of (guests, packages, awards)	Elevated synonym for 'beeinflussen'. Takes 'auf + Akkusativ'.	What is the <b>prepositional phrase</b>?	B2	level::B2 category::idiom prep::auf case::akk
I-043	Noun-Verb Idiom	in Schutz nehmen	verteidigen / schützen	in Schutz	+ Akk.	akk	to defend / to stand up for (someone facing criticism)	"Die Mutter nahm ihren Sohn vor den ungerechten Anschuldigungen <span class=""blank"">[ &hellip; ]</span>."	"Die Mutter nahm ihren Sohn vor den ungerechten Anschuldigungen <span class=""highlight-prep"">in Schutz</span>."	The mother defended her son against the unfair accusations.		• <b>Abschied nehmen von</b> (= sich verabschieden): to say goodbye to / to bid farewell to<br>• <b>in Kauf nehmen</b> (= akzeptieren / hinnehmen): to accept / to put up with (negative side-effects or risks)<br>• <b>in Anspruch nehmen</b> (= beanspruchen / nutzen / fordern): to make use of / to take up (time or energy)<br>• <b>in Betrieb nehmen</b> (= starten / einschalten / in Betrieb setzen): to put into operation / to commission (a facility or device)<br>• <b>zur Kenntnis nehmen</b> (= wahrnehmen / registrieren / beachten): to take note of / to acknowledge<br>• <b>Einfluss nehmen auf</b> (= beeinflussen): to exert influence on / to influence<br>• <b>in Empfang nehmen</b> (= empfangen / annehmen): to receive / to take delivery of (guests, packages, awards)	Formula: jemanden in Schutz nehmen vor + Dat.	What is the <b>prepositional phrase</b>?	B2	level::B2 category::idiom prep::in case::akk
I-044	Noun-Verb Idiom	zur Ruhe kommen	sich beruhigen / entspannen	zur Ruhe	+ Dat.	dat	to settle down / to find peace / to wind down	"Nach einem hektischen Arbeitstag möchte er abends einfach nur <span class=""blank"">[ &hellip; ]</span> kommen."	"Nach einem hektischen Arbeitstag möchte er abends einfach nur <span class=""highlight-prep"">zur Ruhe</span> kommen."	After a hectic workday, in the evening he just wants to settle down.		• <b>in Frage kommen</b> (= möglich sein / denkbar sein): to be possible / to be considered / to be an option<br>• <b>in Betracht kommen</b> (= möglich sein / in Frage kommen): to come into consideration / to be eligible<br>• <b>zur Sprache kommen</b> (= besprochen werden): to come up for discussion / to be discussed (PASSIVE)<br>• <b>ums Leben kommen</b> (= sterben (durch Unfall/Gewalt)): to lose one's life / to be killed (in an accident or catastrophe)<br>• <b>zu Wort kommen</b> (= sprechen dürfen): to get a chance to speak / to have one's say<br>• <b>zum Ausdruck kommen</b> (= deutlich werden / sich zeigen): to be expressed / to become apparent (PASSIVE)<br>• <b>zu einem Entschluss kommen</b> (= sich entschließen): to come to a decision / to make up one's mind<br>• <b>zur Vernunft kommen</b> (= vernünftig werden): to come to one's senses / to see reason<br>• <b>zu Schaden kommen</b> (= verletzt werden / Schaden erleiden): to come to harm / to suffer injury or damage<br>• <b>in Gang kommen</b> (= anlaufen / starten): to get going / to get under way	Finding calm: zur Ruhe kommen.	What is the <b>prepositional phrase</b>?	A2	level::A2 category::idiom prep::zu case::dat
I-045	Noun-Verb Idiom	in Rechnung stellen	berechnen / fakturieren	in Rechnung	+ Akk.	akk	to charge / to invoice for	"Die erbrachten Reparaturleistungen werden dem Auftraggeber <span class=""blank"">[ &hellip; ]</span> gestellt."	"Die erbrachten Reparaturleistungen werden dem Auftraggeber <span class=""highlight-prep"">in Rechnung</span> gestellt."	The repair services rendered will be invoiced to the client.		• <b>zur Verfügung stellen</b> (= bereitstellen / anbieten): to make available / to provide / to supply (ACTIVE)<br>• <b>unter Beweis stellen</b> (= beweisen): to prove / to demonstrate (skills, courage)<br>• <b>in Aussicht stellen</b> (= versprechen / ankündigen): to hold out the prospect of / to promise	Business/accounting phrase: jemandem etwas in Rechnung stellen.	What is the <b>prepositional phrase</b>?	B2	level::B2 category::idiom prep::in case::akk
I-046	Noun-Verb Idiom	in Empfang nehmen	empfangen / annehmen	in Empfang	+ Akk.	akk	to receive / to take delivery of (guests, packages, awards)	"Die Preisträgerin nahm die Auszeichnung stolz <span class=""blank"">[ &hellip; ]</span>."	"Die Preisträgerin nahm die Auszeichnung stolz <span class=""highlight-prep"">in Empfang</span>."	The award winner proudly received the distinction.		• <b>Abschied nehmen von</b> (= sich verabschieden): to say goodbye to / to bid farewell to<br>• <b>in Kauf nehmen</b> (= akzeptieren / hinnehmen): to accept / to put up with (negative side-effects or risks)<br>• <b>in Anspruch nehmen</b> (= beanspruchen / nutzen / fordern): to make use of / to take up (time or energy)<br>• <b>in Betrieb nehmen</b> (= starten / einschalten / in Betrieb setzen): to put into operation / to commission (a facility or device)<br>• <b>zur Kenntnis nehmen</b> (= wahrnehmen / registrieren / beachten): to take note of / to acknowledge<br>• <b>Einfluss nehmen auf</b> (= beeinflussen): to exert influence on / to influence<br>• <b>in Schutz nehmen</b> (= verteidigen / schützen): to defend / to stand up for (someone facing criticism)	Formal reception: etwas in Empfang nehmen.	What is the <b>prepositional phrase</b>?	B2	level::B2 category::idiom prep::in case::akk
I-047	Noun-Verb Idiom	unter Verdacht stehen	verdächtigt werden	unter Verdacht	+ Dat.	dat	to be under suspicion of	"Der ehemalige Buchhalter steht <span class=""blank"">[ &hellip; ]</span>, Firmengelder veruntreut zu haben."	"Der ehemalige Buchhalter steht <span class=""highlight-prep"">unter Verdacht</span>, Firmengelder veruntreut zu haben."	The former accountant is under suspicion of having embezzled company funds.		• <b>zur Verfügung stehen</b> (= vorhanden sein / verfügbar sein): to be available / to be at someone's disposal (PASSIVE)<br>• <b>unter Druck stehen</b> (= gestresst sein / bedrängt werden): to be under pressure / to be stressed<br>• <b>auf dem Spiel stehen</b> (= in Gefahr sein): to be at stake / to be in jeopardy (PASSIVE)<br>• <b>außer Zweifel stehen</b> (= sicher sein / unbestreitbar sein): to be beyond doubt / to be indisputable (PASSIVE)<br>• <b>in Widerspruch stehen zu</b> (= widersprechen): to be in contradiction with / to conflict with	Criminal/legal context: unter Verdacht stehen.	What is the <b>prepositional phrase</b>?	B2	level::B2 category::idiom prep::unter case::dat
I-048	Noun-Verb Idiom	in Sicherheit bringen	retten / evakuieren	in Sicherheit	+ Akk.	akk	to bring to safety / to rescue	"Die Rettungskräfte brachten die Bewohner des brennenden Hauses rasch <span class=""blank"">[ &hellip; ]</span>."	"Die Rettungskräfte brachten die Bewohner des brennenden Hauses rasch <span class=""highlight-prep"">in Sicherheit</span>."	The emergency services quickly brought the residents of the burning house to safety.		• <b>zur Sprache bringen</b> (= ansprechen / thematisieren): to bring up for discussion / to raise a topic (ACTIVE)<br>• <b>zu Ende bringen</b> (= beenden / abschließen): to bring to an end / to finish (ACTIVE)<br>• <b>in Ordnung bringen</b> (= reparieren / regeln): to put in order / to fix / to straighten out<br>• <b>zum Ausdruck bringen</b> (= ausdrücken / äußern): to express / to give voice to (ACTIVE)<br>• <b>in Erfahrung bringen</b> (= herausfinden / erfahren): to find out / to ascertain<br>• <b>zum Abschluss bringen</b> (= abschließen / beenden): to conclude / to bring to completion	Formula: sich / jemanden in Sicherheit bringen.	What is the <b>prepositional phrase</b>?	B1	level::B1 category::idiom prep::in case::akk
I-049	Noun-Verb Idiom	ins Leben rufen	gründen / initiieren	ins Leben	+ Akk.	akk	to found / to bring into being / to initiate (an organization, project)	"Die engagierten Bürger riefen eine Initiative gegen Lebensmittelverschwendung <span class=""blank"">[ &hellip; ]</span>."	"Die engagierten Bürger riefen eine Initiative gegen Lebensmittelverschwendung <span class=""highlight-prep"">ins Leben</span>."	The dedicated citizens brought an initiative against food waste into being.			Formula: eine Initiative / ein Projekt ins Leben rufen.	What is the <b>prepositional phrase</b>?	B2	level::B2 category::idiom prep::in case::akk
I-050	Noun-Verb Idiom	in Gang kommen	anlaufen / starten	in Gang	+ Akk.	akk	to get going / to get under way	"Nach den anfänglichen Verzögerungen kommt der Verkauf nun endlich <span class=""blank"">[ &hellip; ]</span>."	"Nach den anfänglichen Verzögerungen kommt der Verkauf nun endlich <span class=""highlight-prep"">in Gang</span>."	After initial delays, sales are now finally getting under way.		• <b>in Frage kommen</b> (= möglich sein / denkbar sein): to be possible / to be considered / to be an option<br>• <b>in Betracht kommen</b> (= möglich sein / in Frage kommen): to come into consideration / to be eligible<br>• <b>zur Sprache kommen</b> (= besprochen werden): to come up for discussion / to be discussed (PASSIVE)<br>• <b>ums Leben kommen</b> (= sterben (durch Unfall/Gewalt)): to lose one's life / to be killed (in an accident or catastrophe)<br>• <b>zu Wort kommen</b> (= sprechen dürfen): to get a chance to speak / to have one's say<br>• <b>zum Ausdruck kommen</b> (= deutlich werden / sich zeigen): to be expressed / to become apparent (PASSIVE)<br>• <b>zu einem Entschluss kommen</b> (= sich entschließen): to come to a decision / to make up one's mind<br>• <b>zur Vernunft kommen</b> (= vernünftig werden): to come to one's senses / to see reason<br>• <b>zu Schaden kommen</b> (= verletzt werden / Schaden erleiden): to come to harm / to suffer injury or damage<br>• <b>zur Ruhe kommen</b> (= sich beruhigen / entspannen): to settle down / to find peace / to wind down	Intransitive start. Active form: 'etwas in Gang setzen'.	What is the <b>prepositional phrase</b>?	B2	level::B2 category::idiom prep::in case::akk
I-051	Noun-Verb Idiom	in Gang setzen	starten / in Bewegung setzen	in Gang	+ Akk.	akk	to set in motion / to trigger	"Der Beschluss setzte eine ganze Kette von weitreichenden Ereignissen <span class=""blank"">[ &hellip; ]</span>."	"Der Beschluss setzte eine ganze Kette von weitreichenden Ereignissen <span class=""highlight-prep"">in Gang</span>."	The resolution set a whole chain of far-reaching events in motion.		• <b>außer Kraft setzen</b> (= aufheben / annullieren): to repeal / to invalidate / to suspend<br>• <b>unter Druck setzen</b> (= bedrängen / zwingen): to put pressure on (a person or institution)<br>• <b>aufs Spiel setzen</b> (= riskieren): to put at stake / to gamble with / to risk (ACTIVE)<br>• <b>in Kenntnis setzen</b> (= informieren / benachrichtigen): to inform / to notify	Active triggering of a process.	What is the <b>prepositional phrase</b>?	B2	level::B2 category::idiom prep::in case::akk
