Rank,Category,Word,Synonym,Preposition,Case,Meaning_EN,Example_German,Example_English,Level,Grammar_Notes,Tags
I-001,Noun-Verb Idiom,in Frage kommen,möglich sein / denkbar sein,in Frage,+ Akk.,to be possible / to be considered / to be an option,Ein weiterer Aufschub des Projekts kommt für uns keinesfalls in Frage.,A further postponement of the project is out of the question for us.,B1,Very common in negative: 'nicht in Frage kommen' = out of the question.,level::B1 category::idiom prep::in case::akk
I-002,Noun-Verb Idiom,zur Verfügung stehen,vorhanden sein / verfügbar sein,zur Verfügung,+ Dat.,to be available / to be at someone's disposal (PASSIVE),Für Fragen und Beratungen stehe ich Ihnen jederzeit gerne zur Verfügung.,I am gladly at your disposal at any time for questions and consultations.,B1,Passive state. Contrast with the active 'zur Verfügung stellen'!,level::B1 category::idiom prep::zu case::dat
I-003,Noun-Verb Idiom,zur Verfügung stellen,bereitstellen / anbieten,zur Verfügung,+ Dat.,to make available / to provide / to supply (ACTIVE),Die Universität stellt den Forschern modernste Labore zur Verfügung.,The university makes state-of-the-art laboratories available to the researchers.,B1,Active provision. Contrast with 'zur Verfügung stehen'!,level::B1 category::idiom prep::zu case::dat
I-004,Noun-Verb Idiom,in Betracht kommen,möglich sein / in Frage kommen,in Betracht,+ Akk.,to come into consideration / to be eligible,Für diesen anspruchsvollen Posten kommen nur wenige Kandidaten in Betracht.,Only a few candidates come into consideration for this demanding post.,B2,Passive potentiality: eligible or considered for a role.,level::B2 category::idiom prep::in case::akk
I-005,Noun-Verb Idiom,in Betracht ziehen,überlegen / abwägen / berücksichtigen,in Betracht,+ Akk.,to take into consideration / to contemplate,Wir müssen alle denkbaren Risiken sorgfältig in Betracht ziehen.,We must carefully take all conceivable risks into consideration.,B1,Active decision making: jemanden/etwas in Betracht ziehen.,level::B1 category::idiom prep::in case::akk
I-006,Noun-Verb Idiom,unter Beweis stellen,beweisen,unter Beweis,+ Akk.,"to prove / to demonstrate (skills, courage)",Im entscheidenden Spiel stellte sie ihre herausragende Klasse unter Beweis.,"In the decisive match, she proved her outstanding class.",B2,Formula: sein Können / Mut unter Beweis stellen.,level::B2 category::idiom prep::unter case::akk
I-007,Noun-Verb Idiom,Abschied nehmen von,sich verabschieden,Abschied nehmen,+ Dat.,to say goodbye to / to bid farewell to,Vor der langen Auslandsreise mussten wir schweren Herzens Abschied nehmen von unseren Freunden.,"Before the long trip abroad, we had to bid farewell to our friends with a heavy heart.",B1,Elevated expression for 'sich verabschieden von + Dat'.,level::B1 category::idiom prep::von case::dat
I-008,Noun-Verb Idiom,außer Kraft setzen,aufheben / annullieren,außer Kraft,+ Dat.,to repeal / to invalidate / to suspend,Das Verfassungsgericht setzte das umstrittene Gesetz mit sofortiger Wirkung außer Kraft.,The Constitutional Court repealed the controversial law with immediate effect.,B2,Opposite of 'in Kraft treten/setzen'.,level::B2 category::idiom prep::außer case::dat
I-009,Noun-Verb Idiom,in Kraft treten,gültig werden,in Kraft,+ Akk.,"to take effect / to come into force (laws, regulations)",Die neue europäische Datenschutzverordnung tritt ab Januar in Kraft.,The new European data protection regulation takes effect from January.,B2,Standard legal/journalistic term for legislation taking effect.,level::B2 category::idiom prep::in case::akk
I-010,Noun-Verb Idiom,zur Sprache bringen,ansprechen / thematisieren,zur Sprache,+ Dat.,to bring up for discussion / to raise a topic (ACTIVE),Der Betriebsrat wollte die schlechte Bezahlung in der Sitzung zur Sprache bringen.,The works council wanted to bring up poor pay for discussion in the meeting.,B2,Active raising of a subject. Contrast with 'zur Sprache kommen'!,level::B2 category::idiom prep::zu case::dat
I-011,Noun-Verb Idiom,zur Sprache kommen,besprochen werden,zur Sprache,+ Dat.,to come up for discussion / to be discussed (PASSIVE),In der heutigen Kabinettssitzung kam auch die Bildungsreform zur Sprache.,"In today's cabinet meeting, education reform also came up for discussion.",B2,Passive occurrence of a topic in conversation.,level::B2 category::idiom prep::zu case::dat
I-012,Noun-Verb Idiom,ums Leben kommen,sterben (durch Unfall/Gewalt),ums Leben,+ Akk.,to lose one's life / to be killed (in an accident or catastrophe),Bei dem schweren Autounfall auf der Autobahn kamen zwei Insassen ums Leben.,"In the severe car crash on the highway, two occupants lost their lives.",B1,High frequency in news reporting for accidental or unnatural deaths.,level::B1 category::idiom prep::um case::akk
I-013,Noun-Verb Idiom,in Kauf nehmen,akzeptieren / hinnehmen,in Kauf,+ Akk.,to accept / to put up with (negative side-effects or risks),"Wer schnell reisen will, muss gelegentliche Verspätungen in Kauf nehmen.",Whoever wants to travel fast must put up with occasional delays.,B2,Willingly accepting an unavoidable disadvantage.,level::B2 category::idiom prep::in case::akk
I-014,Noun-Verb Idiom,zu Ende bringen,beenden / abschließen,zu Ende,+ Dat.,to bring to an end / to finish (ACTIVE),Trotz aller Widrigkeiten brachten die Bauherren das Projekt erfolgreich zu Ende.,"Despite all adversities, the builders successfully brought the project to completion.",A2,Actively concluding a task or project.,level::A2 category::idiom prep::zu case::dat
I-015,Noun-Verb Idiom,zu Ende gehen,enden,zu Ende,+ Dat.,to come to an end / to draw to a close (PASSIVE),Ein langes und ereignisreiches Schuljahr geht nun endlich zu Ende.,A long and eventful school year is now finally coming to an end.,A2,Intransitive ending: 'Der Sommer geht zu Ende'.,level::A2 category::idiom prep::zu case::dat
I-016,Noun-Verb Idiom,unter Druck setzen,bedrängen / zwingen,unter Druck,+ Akk.,to put pressure on (a person or institution),Der Chef setzte seine Mitarbeiter mit knappen Fristen unter Druck.,The boss put his employees under pressure with tight deadlines.,B1,Active coercion or stress: jemanden unter Druck setzen.,level::B1 category::idiom prep::unter case::akk
I-017,Noun-Verb Idiom,unter Druck stehen,gestresst sein / bedrängt werden,unter Druck,+ Dat.,to be under pressure / to be stressed,Die Ärzte auf der Notaufnahme stehen ständig unter Druck.,Doctors in the emergency room are constantly under pressure.,B1,Passive state of being stressed.,level::B1 category::idiom prep::unter case::dat
I-018,Noun-Verb Idiom,in Anspruch nehmen,beanspruchen / nutzen / fordern,in Anspruch,+ Akk.,to make use of / to take up (time or energy),Die aufwendige Restaurierung wird noch viel Zeit in Anspruch nehmen.,The elaborate restoration will take up a lot more time.,B2,Very common in formal German for taking time or using a service.,level::B2 category::idiom prep::in case::akk
I-019,Noun-Verb Idiom,in Betrieb nehmen,starten / einschalten / in Betrieb setzen,in Betrieb,+ Akk.,to put into operation / to commission (a facility or device),Die Stadtwerke nahmen gestern die neue Kläranlage feierlich in Betrieb.,Yesterday the municipal utilities ceremoniously commissioned the new sewage treatment plant.,B2,Engineering and industrial commissioning.,level::B2 category::idiom prep::in case::akk
I-020,Noun-Verb Idiom,zur Folge haben,verursachen / bewirken,zur Folge,+ Dat.,to result in / to have as a consequence,Der Streik des Sicherheitspersonals hatte zahlreiche Flugausfälle zur Folge.,The strike of the security staff resulted in numerous flight cancellations.,B2,Formula: etwas (Akk) zur Folge haben.,level::B2 category::idiom prep::zu case::dat
I-021,Noun-Verb Idiom,zu Wort kommen,sprechen dürfen,zu Wort,+ Dat.,to get a chance to speak / to have one's say,In der hitzigen Debatte kam der jüngste Abgeordnete kaum zu Wort.,"In the heated debate, the youngest deputy barely got a chance to speak.",B1,Idiom for gaining the floor in a discussion.,level::B1 category::idiom prep::zu case::dat
I-022,Noun-Verb Idiom,aufs Spiel setzen,riskieren,aufs Spiel,+ Akk.,to put at stake / to gamble with / to risk (ACTIVE),Mit diesem riskanten Manöver setzte der Fahrer sein eigenes Leben aufs Spiel.,"With this risky maneuver, the driver put his own life at stake.",B2,Active endangering of an asset or life.,level::B2 category::idiom prep::auf case::akk
I-023,Noun-Verb Idiom,auf dem Spiel stehen,in Gefahr sein,auf dem Spiel,+ Dat.,to be at stake / to be in jeopardy (PASSIVE),Bei dieser richtungsweisenden Wahl steht die Zukunft des Landes auf dem Spiel.,"In this pivotal election, the future of the country is at stake.",B2,Passive peril: 'etwas steht auf dem Spiel'.,level::B2 category::idiom prep::auf case::dat
I-024,Noun-Verb Idiom,in Ordnung bringen,reparieren / regeln,in Ordnung,+ Akk.,to put in order / to fix / to straighten out,"Mach dir keine Sorgen, wir werden das Missgeschick schon wieder in Ordnung bringen.","Don't worry, we will straighten out the mishap.",A2,High frequency in everyday conversation.,level::A2 category::idiom prep::in case::akk
I-025,Noun-Verb Idiom,in Streik treten,streiken,in Streik,+ Akk.,to go on strike,Die Lokführer traten ab Mitternacht für 48 Stunden in Streik.,The train drivers went on strike from midnight for 48 hours.,B1,Labor action: in Streik treten.,level::B1 category::idiom prep::in case::akk
I-026,Noun-Verb Idiom,zum Ausdruck bringen,ausdrücken / äußern,zum Ausdruck,+ Dat.,to express / to give voice to (ACTIVE),Der Präsident brachte seine tiefe Trauer zum Ausdruck.,The president gave expression to his deep grief.,B2,Formal active formulation of feelings or opinions.,level::B2 category::idiom prep::zu case::dat
I-027,Noun-Verb Idiom,zum Ausdruck kommen,deutlich werden / sich zeigen,zum Ausdruck,+ Dat.,to be expressed / to become apparent (PASSIVE),In seinem poetischen Werk kommt die Liebe zur Natur stark zum Ausdruck.,"In his poetic work, love of nature is strongly expressed.",B2,Passive manifestation.,level::B2 category::idiom prep::zu case::dat
I-028,Noun-Verb Idiom,zu einem Entschluss kommen,sich entschließen,zu einem Entschluss,+ Dat.,to come to a decision / to make up one's mind,Nach reiflicher Überlegung kam der Vorstand endlich zu einem Entschluss.,"After mature consideration, the board finally came to a decision.",B2,Arriving at a firm choice.,level::B2 category::idiom prep::zu case::dat
I-029,Noun-Verb Idiom,außer Zweifel stehen,sicher sein / unbestreitbar sein,außer Zweifel,+ Dat.,to be beyond doubt / to be indisputable (PASSIVE),"Dass der Klimawandel vom Menschen beschleunigt wird, steht außer Zweifel.",That climate change is accelerated by humans is beyond doubt.,B2,Denotes an undeniable truth.,level::B2 category::idiom prep::außer case::dat
I-030,Noun-Verb Idiom,in Zweifel ziehen,bezweifeln,in Zweifel,+ Akk.,to call into question / to doubt (ACTIVE),"Niemand wagte es, die fachliche Autorität des Professors in Zweifel zu ziehen.",Nobody dared to call the professor's professional authority into question.,B2,Formula: etwas (Akk) in Zweifel ziehen.,level::B2 category::idiom prep::in case::akk
I-031,Noun-Verb Idiom,zur Kenntnis nehmen,wahrnehmen / registrieren / beachten,zur Kenntnis,+ Dat.,to take note of / to acknowledge,Wir haben Ihre Beschwerde zur Kenntnis genommen und prüfen den Sachverhalt.,We have taken note of your complaint and are examining the facts.,B1,Essential formal business formula.,level::B1 category::idiom prep::zu case::dat
I-032,Noun-Verb Idiom,in Kenntnis setzen,informieren / benachrichtigen,in Kenntnis,+ Akk.,to inform / to notify,"Bitte setzen Sie mich unverzüglich in Kenntnis, sobald neue Daten vorliegen.",Please notify me immediately as soon as new data is available.,B2,Formula: jemanden in Kenntnis setzen über + Akk.,level::B2 category::idiom prep::in case::akk
I-033,Noun-Verb Idiom,in Erfahrung bringen,herausfinden / erfahren,in Erfahrung,+ Akk.,to find out / to ascertain,"Der Journalist versuchte, die geheimen Hintergründe in Erfahrung zu bringen.",The journalist tried to find out the secret background.,B2,Formula: etwas (Akk) in Erfahrung bringen.,level::B2 category::idiom prep::in case::akk
I-034,Noun-Verb Idiom,zur Vernunft kommen,vernünftig werden,zur Vernunft,+ Dat.,to come to one's senses / to see reason,Hoffentlich kommt er bald zur Vernunft und beendet diesen sinnlosen Streit.,Hopefully he will come to his senses soon and end this senseless argument.,B2,Behavioral turnaround: zur Vernunft kommen.,level::B2 category::idiom prep::zu case::dat
I-035,Noun-Verb Idiom,zum Abschluss bringen,abschließen / beenden,zum Abschluss,+ Dat.,to conclude / to bring to completion,Nach jahrelangen Verhandlungen brachten die Diplomaten den Vertrag zum Abschluss.,"After years of negotiations, diplomats brought the treaty to a conclusion.",B2,Active completion of formal contracts/projects.,level::B2 category::idiom prep::zu case::dat
I-036,Noun-Verb Idiom,in Aussicht stellen,versprechen / ankündigen,in Aussicht,+ Akk.,to hold out the prospect of / to promise,Der Abteilungsleiter stellte ihm für das nächste Jahr eine Beförderung in Aussicht.,The department head held out the prospect of a promotion for him next year.,B2,Formula: jemandem (Dat) etwas (Akk) in Aussicht stellen.,level::B2 category::idiom prep::in case::akk
I-037,Noun-Verb Idiom,zur Verantwortung ziehen,verantwortlich machen / bestrafen,zur Verantwortung,+ Dat.,to hold accountable / to hold responsible,Die Verantwortlichen für den Skandal müssen vor Gericht zur Verantwortung gezogen werden.,Those responsible for the scandal must be held accountable in court.,B2,Formula: jemanden zur Verantwortung ziehen.,level::B2 category::idiom prep::zu case::dat
I-038,Noun-Verb Idiom,in die Tat umsetzen,verwirklichen / realisieren,in die Tat,+ Akk.,to put into practice / to implement / to realize,"Es reicht nicht, gute Ideen zu haben, man muss sie auch in die Tat umsetzen.","It is not enough to have good ideas, one must also put them into practice.",B2,Formula: Pläne / Ideen in die Tat umsetzen.,level::B2 category::idiom prep::in case::akk
I-039,Noun-Verb Idiom,zu Schaden kommen,verletzt werden / Schaden erleiden,zu Schaden,+ Dat.,to come to harm / to suffer injury or damage,Glücklicherweise kam bei dem Brand im Schulgebäude niemand zu Schaden.,"Fortunately, nobody came to harm in the fire in the school building.",B2,Formula: (nicht) zu Schaden kommen.,level::B2 category::idiom prep::zu case::dat
I-040,Noun-Verb Idiom,zur Last fallen,belasten / eine Bürde sein,zur Last,+ Dat.,to become a burden to someone,Die alte Dame wollte ihren erwachsenen Kindern keinesfalls zur Last fallen.,The old lady by no means wanted to become a burden to her adult children.,B2,Formula: jemandem (Dat) zur Last fallen.,level::B2 category::idiom prep::zu case::dat
I-041,Noun-Verb Idiom,in Widerspruch stehen zu,widersprechen,in Widerspruch,+ Dat.,to be in contradiction with / to conflict with,Diese Aussage steht in Widerspruch zu den früheren Zeugenaussagen.,This statement is in contradiction to earlier witness testimonies.,B2,Logical or factual clash: in Widerspruch stehen zu + Dat.,level::B2 category::idiom prep::in case::dat
I-042,Noun-Verb Idiom,Einfluss nehmen auf,beeinflussen,Einfluss auf,+ Akk.,to exert influence on / to influence,"Lobbyisten versuchten massiv, Einfluss auf die Gesetzgebung zu nehmen.",Lobbyists tried massively to exert influence on legislation.,B2,Elevated synonym for 'beeinflussen'. Takes 'auf + Akkusativ'.,level::B2 category::idiom prep::auf case::akk
I-043,Noun-Verb Idiom,in Schutz nehmen,verteidigen / schützen,in Schutz,+ Akk.,to defend / to stand up for (someone facing criticism),Die Mutter nahm ihren Sohn vor den ungerechten Anschuldigungen in Schutz.,The mother defended her son against the unfair accusations.,B2,Formula: jemanden in Schutz nehmen vor + Dat.,level::B2 category::idiom prep::in case::akk
I-044,Noun-Verb Idiom,zur Ruhe kommen,sich beruhigen / entspannen,zur Ruhe,+ Dat.,to settle down / to find peace / to wind down,Nach einem hektischen Arbeitstag möchte er abends einfach nur zur Ruhe kommen.,"After a hectic workday, in the evening he just wants to settle down.",A2,Finding calm: zur Ruhe kommen.,level::A2 category::idiom prep::zu case::dat
I-045,Noun-Verb Idiom,in Rechnung stellen,berechnen / fakturieren,in Rechnung,+ Akk.,to charge / to invoice for,Die erbrachten Reparaturleistungen werden dem Auftraggeber in Rechnung gestellt.,The repair services rendered will be invoiced to the client.,B2,Business/accounting phrase: jemandem etwas in Rechnung stellen.,level::B2 category::idiom prep::in case::akk
I-046,Noun-Verb Idiom,in Empfang nehmen,empfangen / annehmen,in Empfang,+ Akk.,"to receive / to take delivery of (guests, packages, awards)",Die Preisträgerin nahm die Auszeichnung stolz in Empfang.,The award winner proudly received the distinction.,B2,Formal reception: etwas in Empfang nehmen.,level::B2 category::idiom prep::in case::akk
I-047,Noun-Verb Idiom,unter Verdacht stehen,verdächtigt werden,unter Verdacht,+ Dat.,to be under suspicion of,"Der ehemalige Buchhalter steht unter Verdacht, Firmengelder veruntreut zu haben.",The former accountant is under suspicion of having embezzled company funds.,B2,Criminal/legal context: unter Verdacht stehen.,level::B2 category::idiom prep::unter case::dat
I-048,Noun-Verb Idiom,in Sicherheit bringen,retten / evakuieren,in Sicherheit,+ Akk.,to bring to safety / to rescue,Die Rettungskräfte brachten die Bewohner des brennenden Hauses rasch in Sicherheit.,The emergency services quickly brought the residents of the burning house to safety.,B1,Formula: sich / jemanden in Sicherheit bringen.,level::B1 category::idiom prep::in case::akk
I-049,Noun-Verb Idiom,ins Leben rufen,gründen / initiieren,ins Leben,+ Akk.,"to found / to bring into being / to initiate (an organization, project)",Die engagierten Bürger riefen eine Initiative gegen Lebensmittelverschwendung ins Leben.,The dedicated citizens brought an initiative against food waste into being.,B2,Formula: eine Initiative / ein Projekt ins Leben rufen.,level::B2 category::idiom prep::in case::akk
I-050,Noun-Verb Idiom,in Gang kommen,anlaufen / starten,in Gang,+ Akk.,to get going / to get under way,Nach den anfänglichen Verzögerungen kommt der Verkauf nun endlich in Gang.,"After initial delays, sales are now finally getting under way.",B2,Intransitive start. Active form: 'etwas in Gang setzen'.,level::B2 category::idiom prep::in case::akk
I-051,Noun-Verb Idiom,in Gang setzen,starten / in Bewegung setzen,in Gang,+ Akk.,to set in motion / to trigger,Der Beschluss setzte eine ganze Kette von weitreichenden Ereignissen in Gang.,The resolution set a whole chain of far-reaching events in motion.,B2,Active triggering of a process.,level::B2 category::idiom prep::in case::akk
