Rank	Verb	Preposition	Case	Case_Type	Meaning_EN	Sentence_Cloze	Sentence_Full	Sentence_EN	Question_Structure	Other_Prepositions	Grammar_Notes	Level
001	kommen	zu	+ Dat.	dat	to arrive at (a conclusion) / to come to	"Nach langer Diskussion kamen wir <span class=""blank"">[ &hellip; ]</span> einem Entschluss."	"Nach langer Diskussion kamen wir <span class=""highlight-prep"">zu</span> einem Entschluss."	After a long discussion we came to a decision.	Wozu? • Dazu	• <b>ankommen + auf + Akk.</b>: to depend on / to be a matter of<br>• <b>kommen + auf + Akk.</b>: to think of / to hit upon (an idea or solution)	Often used with abstract nouns: zum Schluss kommen, zur Ruhe kommen.	B1
002	ankommen	auf	+ Akk.	akk	to depend on / to be a matter of	"Es kommt <span class=""blank"">[ &hellip; ]</span> das Wetter an, ob wir grillen."	"Es kommt <span class=""highlight-prep"">auf</span> das Wetter an, ob wir grillen."	It depends on the weather whether we have a barbecue.	Worauf? • Darauf	• <b>kommen + auf + Akk.</b>: to think of / to hit upon (an idea or solution)<br>• <b>kommen + zu + Dat.</b>: to arrive at (a conclusion) / to come to	Impersonal expression 'es kommt an auf...'. Synonymous with 'abhängen von'.	A2
003	kommen	auf	+ Akk.	akk	to think of / to hit upon (an idea or solution)	"Wie bist du denn <span class=""blank"">[ &hellip; ]</span> diese geniale Idee gekommen?"	"Wie bist du denn <span class=""highlight-prep"">auf</span> diese geniale Idee gekommen?"	How did you come up with this brilliant idea?	Worauf? • Darauf	• <b>ankommen + auf + Akk.</b>: to depend on / to be a matter of<br>• <b>kommen + zu + Dat.</b>: to arrive at (a conclusion) / to come to	Idiomatic for suddenly getting an idea or remembering something.	B1
004	ausgehen	von	+ Dat.	dat	to assume / to start from (a premise)	"Wir gehen <span class=""blank"">[ &hellip; ]</span> einem erfolgreichen Abschluss aus."	"Wir gehen <span class=""highlight-prep"">von</span> einem erfolgreichen Abschluss aus."	We assume a successful conclusion.	Wovon? • Davon	• <b>gehen + um + Akk.</b>: to be about / to concern	Very common in academic and formal German for stating assumptions.	B1
005	gehen	um	+ Akk.	akk	to be about / to concern	"In diesem Film geht es <span class=""blank"">[ &hellip; ]</span> eine mutige Detektivin."	"In diesem Film geht es <span class=""highlight-prep"">um</span> eine mutige Detektivin."	This movie is about a courageous detective.	Worum? • Darum	• <b>ausgehen + von + Dat.</b>: to assume / to start from (a premise)	Impersonal phrase: 'Es geht um + Akk.' Crucial for summarizing texts or plots.	A2
006	entstehen	aus	+ Dat.	dat	to arise from / to develop out of	"Aus einem kleinen Missverständnis entstand <span class=""blank"">[ &hellip; ]</span> der Streit."	"Aus einem kleinen Missverständnis entstand <span class=""highlight-prep"">aus</span> der Streit."	From a small misunderstanding arose the dispute.	Woraus? • Daraus	• <b>stehen + zu + Dat.</b>: to have an opinion on / to stand by	Indicates the source or root cause of a development.	B2
007	stehen	zu	+ Dat.	dat	to have an opinion on / to stand by	"Wie stehst du <span class=""blank"">[ &hellip; ]</span> dem neuen Vorschlag?"	"Wie stehst du <span class=""highlight-prep"">zu</span> dem neuen Vorschlag?"	What is your stance on the new proposal?	Wozu? • Dazu / Zu wem?	• <b>entstehen + aus + Dat.</b>: to arise from / to develop out of	Expresses someone's attitude or commitment toward a topic or person.	B1
008	absehen	von	+ Dat.	dat	to refrain from / to disregard	"Die Polizei sah diesmal <span class=""blank"">[ &hellip; ]</span> einer Geldstrafe ab."	"Die Polizei sah diesmal <span class=""highlight-prep"">von</span> einer Geldstrafe ab."	The police refrained from a fine this time.	Wovon? • Davon	• <b>ansehen + als + Akk.</b>: to regard as / to consider as	Often used in the fixed idiom 'abgesehen von + Dat' (apart from / aside from).	B2
009	ansehen	als	+ Akk.	akk	to regard as / to consider as	"Er sieht sie <span class=""blank"">[ &hellip; ]</span> seine beste Ratgeberin an."	"Er sieht sie <span class=""highlight-prep"">als</span> seine beste Ratgeberin an."	He regards her as his best advisor.	Als was? • Als solche(n)	• <b>absehen + von + Dat.</b>: to refrain from / to disregard	'Als' takes the same case as the object ('sie' = Akk -> 'seine beste Ratgeberin' = Akk).	B1
010	sich einlassen	auf	+ Akk.	akk	to get involved in / to agree to (a venture or risk)	"Er wollte sich nicht <span class=""blank"">[ &hellip; ]</span> dieses riskante Geschäft einlassen."	"Er wollte sich nicht <span class=""highlight-prep"">auf</span> dieses riskante Geschäft einlassen."	He did not want to get involved in this risky business.	Worauf? • Darauf		Reflexive verb (sich einlassen). Implies willingness to engage in something uncertain.	B2
011	denken	über	+ Akk.	akk	to have an opinion about / to reflect on	"Was denkst du eigentlich <span class=""blank"">[ &hellip; ]</span> seinen Vorschlag?"	"Was denkst du eigentlich <span class=""highlight-prep"">über</span> seinen Vorschlag?"	What do you actually think about his proposal?	Worüber? • Darüber	• <b>denken + an + Akk.</b>: to think of / to remember<br>• <b>nachdenken + über + Akk.</b>: to ponder / to reflect on in depth	Expresses an opinion or judgment (synonymous with 'meinen zu').	A2
012	nachdenken	über	+ Akk.	akk	to ponder / to reflect on in depth	"Ich muss in Ruhe <span class=""blank"">[ &hellip; ]</span> dieses Angebot nachdenken."	"Ich muss in Ruhe <span class=""highlight-prep"">über</span> dieses Angebot nachdenken."	I need to reflect on this offer in peace.	Worüber? • Darüber	• <b>denken + an + Akk.</b>: to think of / to remember<br>• <b>denken + über + Akk.</b>: to have an opinion about / to reflect on	Separable verb: implies deeper, continuous contemplation than 'denken an'.	A2
013	denken	an	+ Akk.	akk	to think of / to remember	"Ich muss jeden Tag <span class=""blank"">[ &hellip; ]</span> dich denken."	"Ich muss jeden Tag <span class=""highlight-prep"">an</span> dich denken."	I have to think of you every single day.	Woran? • Daran / An wen?	• <b>denken + über + Akk.</b>: to have an opinion about / to reflect on<br>• <b>nachdenken + über + Akk.</b>: to ponder / to reflect on in depth	Refers to having someone/something in mind, or remembering to do something.	A1
014	abnehmen	an	+ Dat.	dat	to decrease in / to lose (quality/measure)	"Die Begeisterung nimmt leider <span class=""blank"">[ &hellip; ]</span> Intensität ab."	"Die Begeisterung nimmt leider <span class=""highlight-prep"">an</span> Intensität ab."	The enthusiasm is unfortunately decreasing in intensity.	Woran? • Daran	• <b>teilnehmen + an + Dat.</b>: to participate in / to take part in<br>• <b>zunehmen + an + Dat.</b>: to increase in / to gain in	Opposite of 'zunehmen an'. Takes Dativ.	B2
015	zunehmen	an	+ Dat.	dat	to increase in / to gain in	"Der Sturm nimmt stetig <span class=""blank"">[ &hellip; ]</span> Stärke zu."	"Der Sturm nimmt stetig <span class=""highlight-prep"">an</span> Stärke zu."	The storm is steadily increasing in strength.	Woran? • Daran	• <b>teilnehmen + an + Dat.</b>: to participate in / to take part in<br>• <b>abnehmen + an + Dat.</b>: to decrease in / to lose (quality/measure)	Used with abstract qualities: an Bedeutung zunehmen (gain importance).	B2
016	teilnehmen	an	+ Dat.	dat	to participate in / to take part in	"Viele Studenten nehmen <span class=""blank"">[ &hellip; ]</span> dem Sprachkurs teil."	"Viele Studenten nehmen <span class=""highlight-prep"">an</span> dem Sprachkurs teil."	Many students take part in the language course.	Woran? • Daran / An wem?	• <b>zunehmen + an + Dat.</b>: to increase in / to gain in<br>• <b>abnehmen + an + Dat.</b>: to decrease in / to lose (quality/measure)	Separable verb (teil|nehmen). Always takes 'an + Dativ'.	A2
017	glauben	an	+ Akk.	akk	to believe in	"Sie glaubt fest <span class=""blank"">[ &hellip; ]</span> das Gute im Menschen."	"Sie glaubt fest <span class=""highlight-prep"">an</span> das Gute im Menschen."	She firmly believes in the good in people.	Woran? • Daran / An wen?		Note: 'jemandem (Dat) glauben' means to believe someone's words; 'an + Akk glauben' means to have faith in.	A2
018	sich halten	an	+ Akk.	akk	to abide by / to adhere to (rules, agreements)	"Alle Autofahrer müssen sich <span class=""blank"">[ &hellip; ]</span> das Tempolimit halten."	"Alle Autofahrer müssen sich <span class=""highlight-prep"">an</span> das Tempolimit halten."	All drivers must adhere to the speed limit.	Woran? • Daran / An wen?	• <b>halten + von + Dat.</b>: to think of / to have an opinion of<br>• <b>halten + für + Akk.</b>: to consider to be / to deem to be	Reflexive verb (sich halten). Meaning: sticking strictly to a guideline.	B1
019	halten	für	+ Akk.	akk	to consider to be / to deem to be	"Ich halte diesen Plan <span class=""blank"">[ &hellip; ]</span> eine ausgezeichnete Idee."	"Ich halte diesen Plan <span class=""highlight-prep"">für</span> eine ausgezeichnete Idee."	I consider this plan an excellent idea.	Wofür? • Dafür / Für wen?	• <b>halten + von + Dat.</b>: to think of / to have an opinion of<br>• <b>sich halten + an + Akk.</b>: to abide by / to adhere to (rules, agreements)	Takes Akkusativ for both the direct object and the prepositional phrase.	B1
020	halten	von	+ Dat.	dat	to think of / to have an opinion of	"Was hältst du <span class=""blank"">[ &hellip; ]</span> meinem neuen Haarschnitt?"	"Was hältst du <span class=""highlight-prep"">von</span> meinem neuen Haarschnitt?"	What do you think of my new haircut?	Wovon? • Davon / Von wem?	• <b>halten + für + Akk.</b>: to consider to be / to deem to be<br>• <b>sich halten + an + Akk.</b>: to abide by / to adhere to (rules, agreements)	Standard conversational formula: 'Was hältst du von...?'	A2
021	bringen	um	+ Akk.	akk	to deprive of / to rob someone of	"Der ständige Lärm bringt mich <span class=""blank"">[ &hellip; ]</span> den Schlaf."	"Der ständige Lärm bringt mich <span class=""highlight-prep"">um</span> den Schlaf."	The constant noise robs me of my sleep.	Worum? • Darum	• <b>bringen + zu + Dat.</b>: to lead someone to / to prompt someone to	Idiom: 'jemanden um den Verstand / Schlaf bringen'.	B2
022	bringen	zu	+ Dat.	dat	to lead someone to / to prompt someone to	"Was hat dich <span class=""blank"">[ &hellip; ]</span> dieser schweren Entscheidung gebracht?"	"Was hat dich <span class=""highlight-prep"">zu</span> dieser schweren Entscheidung gebracht?"	What prompted you to make this difficult decision?	Wozu? • Dazu	• <b>bringen + um + Akk.</b>: to deprive of / to rob someone of	Often used with a direct object: jemanden zu etwas bringen.	B1
023	führen	zu	+ Dat.	dat	to lead to / to result in	"Harte Arbeit führt oft <span class=""blank"">[ &hellip; ]</span> großem Erfolg."	"Harte Arbeit führt oft <span class=""highlight-prep"">zu</span> großem Erfolg."	Hard work often leads to great success.	Wozu? • Dazu		Cause-and-effect relationship. Very high frequency in writing.	A2
024	absprechen	mit	+ Dat.	dat	to coordinate with / to agree on with	"Ich spreche den Urlaubsplan <span class=""blank"">[ &hellip; ]</span> meinen Kollegen ab."	"Ich spreche den Urlaubsplan <span class=""highlight-prep"">mit</span> meinen Kollegen ab."	I coordinate the vacation schedule with my colleagues.	Mit wem?	• <b>sprechen + über + Akk.</b>: to talk about (a topic/subject)<br>• <b>sprechen + von + Dat.</b>: to speak of / to mention / to tell of<br>• <b>sprechen + mit + Dat.</b>: to speak with / to converse with	Separable verb (ab|sprechen). To mutually arrange or agree.	B1
025	sprechen	von	+ Dat.	dat	to speak of / to mention / to tell of	"Mein Großvater spricht oft <span class=""blank"">[ &hellip; ]</span> seinen alten Freunden."	"Mein Großvater spricht oft <span class=""highlight-prep"">von</span> seinen alten Freunden."	My grandfather often speaks of his old friends.	Wovon? • Davon / Von wem?	• <b>sprechen + über + Akk.</b>: to talk about (a topic/subject)<br>• <b>sprechen + mit + Dat.</b>: to speak with / to converse with<br>• <b>absprechen + mit + Dat.</b>: to coordinate with / to agree on with	Focuses on referring to or recalling someone or an experience.	A2
026	sprechen	mit	+ Dat.	dat	to speak with / to converse with	"Hast du schon <span class=""blank"">[ &hellip; ]</span> deiner Lehrerin gesprochen?"	"Hast du schon <span class=""highlight-prep"">mit</span> deiner Lehrerin gesprochen?"	Have you already spoken with your teacher?	Mit wem?	• <b>sprechen + über + Akk.</b>: to talk about (a topic/subject)<br>• <b>sprechen + von + Dat.</b>: to speak of / to mention / to tell of<br>• <b>absprechen + mit + Dat.</b>: to coordinate with / to agree on with	Always takes 'mit + Dativ' for the conversational partner.	A1
027	sprechen	über	+ Akk.	akk	to talk about (a topic/subject)	"Wir müssen dringend <span class=""blank"">[ &hellip; ]</span> unsere Zukunft sprechen."	"Wir müssen dringend <span class=""highlight-prep"">über</span> unsere Zukunft sprechen."	We urgently need to talk about our future.	Worüber? • Darüber / Über wen?	• <b>sprechen + von + Dat.</b>: to speak of / to mention / to tell of<br>• <b>sprechen + mit + Dat.</b>: to speak with / to converse with<br>• <b>absprechen + mit + Dat.</b>: to coordinate with / to agree on with	Focuses on the content of the conversation.	A1
028	zeigen	auf	+ Akk.	akk	to point at / to	"Das kleine Kind zeigte <span class=""blank"">[ &hellip; ]</span> den bunten Schmetterling."	"Das kleine Kind zeigte <span class=""highlight-prep"">auf</span> den bunten Schmetterling."	The little child pointed at the colorful butterfly.	Worauf? • Darauf / Auf wen?		Physical pointing gesture with finger or indicator.	A2
029	leben	für	+ Akk.	akk	to live for (a passion, purpose)	"Sie lebt ganz <span class=""blank"">[ &hellip; ]</span> ihre Musik und ihre Kunst."	"Sie lebt ganz <span class=""highlight-prep"">für</span> ihre Musik und ihre Kunst."	She lives entirely for her music and her art.	Wofür? • Dafür / Für wen?	• <b>leben + von + Dat.</b>: to live on / to subsist on	Expresses true life dedication or passion.	B1
030	leben	von	+ Dat.	dat	to live on / to subsist on	"Er kann kaum <span class=""blank"">[ &hellip; ]</span> seinem geringen Einkommen leben."	"Er kann kaum <span class=""highlight-prep"">von</span> seinem geringen Einkommen leben."	He can barely live on his meager income.	Wovon? • Davon	• <b>leben + für + Akk.</b>: to live for (a passion, purpose)	Financial subsistence or sustenance.	A2
031	fahren	mit	+ Dat.	dat	to travel by / to ride with (means of transport)	"Morgens fahre ich am liebsten <span class=""blank"">[ &hellip; ]</span> der U-Bahn."	"Morgens fahre ich am liebsten <span class=""highlight-prep"">mit</span> der U-Bahn."	In the morning I prefer traveling by subway.	Womit? • Damit / Mit wem?		All vehicles in German take 'mit + Dativ' (mit dem Bus, mit dem Zug).	A1
032	fragen	nach	+ Dat.	dat	to ask about / to inquire after	"Ein Tourist fragte mich <span class=""blank"">[ &hellip; ]</span> dem kürzesten Weg zum Bahnhof."	"Ein Tourist fragte mich <span class=""highlight-prep"">nach</span> dem kürzesten Weg zum Bahnhof."	A tourist asked me for the shortest way to the station.	Wonach? • Danach / Nach wem?	• <b>fragen + um + Akk.</b>: to ask for (advice / help)	Standard formula: jemanden (Akk) nach etwas (Dat) fragen.	A1
033	fragen	um	+ Akk.	akk	to ask for (advice / help)	"Sie fragte ihren Mentor <span class=""blank"">[ &hellip; ]</span> Rat in dieser Angelegenheit."	"Sie fragte ihren Mentor <span class=""highlight-prep"">um</span> Rat in dieser Angelegenheit."	She asked her mentor for advice in this matter.	Worum? • Darum	• <b>fragen + nach + Dat.</b>: to ask about / to inquire after	Most commonly in the fixed idiom 'um Rat fragen'.	B1
034	gelten	für	+ Akk.	akk	to apply to / to be valid for	"Diese Sonderregelung gilt nur <span class=""blank"">[ &hellip; ]</span> neue Kunden."	"Diese Sonderregelung gilt nur <span class=""highlight-prep"">für</span> neue Kunden."	This special regulation applies only to new customers.	Wofür? • Dafür / Für wen?	• <b>gelten + als + Nom.</b>: to be considered as / to count as	Denotes the scope of validity of rules, laws, tickets.	B1
035	gelten	als	+ Nom.	nom	to be considered as / to count as	"Er gilt weltweit <span class=""blank"">[ &hellip; ]</span> führender Experte für KI."	"Er gilt weltweit <span class=""highlight-prep"">als</span> führender Experte für KI."	He is considered worldwide as a leading expert in AI.	Als was? • Als wer?	• <b>gelten + für + Akk.</b>: to apply to / to be valid for	'Als' takes Nominative when referring to the grammatical subject.	B1
036	sich einstellen	auf	+ Akk.	akk	to adapt to / to prepare oneself for	"Wir müssen uns <span class=""blank"">[ &hellip; ]</span> plötzliche Veränderungen einstellen."	"Wir müssen uns <span class=""highlight-prep"">auf</span> plötzliche Veränderungen einstellen."	We must adapt to sudden changes.	Worauf? • Darauf		Reflexive verb (sich einstellen auf). Mentally getting ready for something.	B1
037	spielen	um	+ Akk.	akk	to play for (money, stakes, championship)	"Die beiden Teams spielen <span class=""blank"">[ &hellip; ]</span> den Meistertitel."	"Die beiden Teams spielen <span class=""highlight-prep"">um</span> den Meistertitel."	Both teams are playing for the championship title.	Worum? • Darum	• <b>spielen + mit + Dat.</b>: to play with	Specifies the prize or stake at risk in a game.	B1
038	spielen	mit	+ Dat.	dat	to play with	"Die Katze spielt begeistert <span class=""blank"">[ &hellip; ]</span> dem Wollknäuel."	"Die Katze spielt begeistert <span class=""highlight-prep"">mit</span> dem Wollknäuel."	The cat enthusiastically plays with the ball of yarn.	Womit? • Damit / Mit wem?	• <b>spielen + um + Akk.</b>: to play for (money, stakes, championship)	Literal or figurative ('mit dem Feuer spielen' = to play with fire).	A1
039	arbeiten	bei	+ Dat.	dat	to work at / for (an employer or company)	"Mein Bruder arbeitet schon seit fünf Jahren <span class=""blank"">[ &hellip; ]</span> BMW."	"Mein Bruder arbeitet schon seit fünf Jahren <span class=""highlight-prep"">bei</span> BMW."	My brother has been working at BMW for five years.	Bei wem?	• <b>arbeiten + an + Dat.</b>: to work on (a project, task, book)<br>• <b>arbeiten + für + Akk.</b>: to work for (a client, employer, or cause)	Used for the company/institution that employs someone.	A1
040	arbeiten	für	+ Akk.	akk	to work for (a client, employer, or cause)	"Sie arbeitet als freie Journalistin <span class=""blank"">[ &hellip; ]</span> verschiedene Zeitungen."	"Sie arbeitet als freie Journalistin <span class=""highlight-prep"">für</span> verschiedene Zeitungen."	She works as a freelance journalist for various newspapers.	Wofür? • Dafür / Für wen?	• <b>arbeiten + an + Dat.</b>: to work on (a project, task, book)<br>• <b>arbeiten + bei + Dat.</b>: to work at / for (an employer or company)	Emphasizes the beneficiary or contracting party.	A2
041	arbeiten	an	+ Dat.	dat	to work on (a project, task, book)	"Die Wissenschaftler arbeiten <span class=""blank"">[ &hellip; ]</span> einem neuen Impfstoff."	"Die Wissenschaftler arbeiten <span class=""highlight-prep"">an</span> einem neuen Impfstoff."	The scientists are working on a new vaccine.	Woran? • Daran	• <b>arbeiten + bei + Dat.</b>: to work at / for (an employer or company)<br>• <b>arbeiten + für + Akk.</b>: to work for (a client, employer, or cause)	Always Dativ when indicating the task or project being worked upon.	A2
042	folgen	aus	+ Dat.	dat	to follow from / to result from	"Aus dieser Analyse folgt <span class=""blank"">[ &hellip; ]</span> den Daten eine klare Warnung."	"Aus dieser Analyse folgt <span class=""highlight-prep"">aus</span> den Daten eine klare Warnung."	From this analysis, a clear warning follows from the data.	Woraus? • Daraus		Logical consequence: 'Daraus folgt, dass...'	B2
043	lernen	aus	+ Dat.	dat	to learn from (a mistake, experience)	"Kluge Menschen lernen <span class=""blank"">[ &hellip; ]</span> ihren eigenen Fehlern."	"Kluge Menschen lernen <span class=""highlight-prep"">aus</span> ihren eigenen Fehlern."	Smart people learn from their own mistakes.	Woraus? • Daraus		Indicates the source of wisdom or lesson.	A2
044	sich verstehen	mit	+ Dat.	dat	to get along with (someone)	"Ich verstehe mich hervorragend <span class=""blank"">[ &hellip; ]</span> meinem neuen Mitbewohner."	"Ich verstehe mich hervorragend <span class=""highlight-prep"">mit</span> meinem neuen Mitbewohner."	I get along great with my new roommate.	Mit wem?	• <b>verstehen + unter + Dat.</b>: to understand by (a concept or definition)	Reflexive verb (sich gut/schlecht verstehen mit).	A2
045	verstehen	unter	+ Dat.	dat	to understand by (a concept or definition)	"Was verstehen Sie genau <span class=""blank"">[ &hellip; ]</span> dem Begriff Nachhaltigkeit?"	"Was verstehen Sie genau <span class=""highlight-prep"">unter</span> dem Begriff Nachhaltigkeit?"	What exactly do you understand by the concept of sustainability?	Worunter? • Darunter	• <b>sich verstehen + mit + Dat.</b>: to get along with (someone)	Used when asking for definitions or subjective interpretations.	B1
046	sich einsetzen	für	+ Akk.	akk	to advocate for / to champion / to stand up for	"Die Organisation setzt sich entschlossen <span class=""blank"">[ &hellip; ]</span> den Tierschutz ein."	"Die Organisation setzt sich entschlossen <span class=""highlight-prep"">für</span> den Tierschutz ein."	The organization resolutely advocates for animal welfare.	Wofür? • Dafür / Für wen?	• <b>sich auseinandersetzen + mit + Dat.</b>: to deal with / to grapple with / to examine	Reflexive verb (sich einsetzen für). Dedicating active effort to a cause.	B1
047	sich auseinandersetzen	mit	+ Dat.	dat	to deal with / to grapple with / to examine	"Der Philosoph setzt sich tiefgehend <span class=""blank"">[ &hellip; ]</span> ethischen Fragen auseinander."	"Der Philosoph setzt sich tiefgehend <span class=""highlight-prep"">mit</span> ethischen Fragen auseinander."	The philosopher grapples profoundly with ethical questions.	Womit? • Damit / Mit wem?	• <b>sich einsetzen + für + Akk.</b>: to advocate for / to champion / to stand up for	Crucial academic verb for critical engagement with a subject.	B2
048	beginnen	mit	+ Dat.	dat	to begin with / to start with	"Wir beginnen die Besprechung <span class=""blank"">[ &hellip; ]</span> einer kurzen Vorstellungsrunde."	"Wir beginnen die Besprechung <span class=""highlight-prep"">mit</span> einer kurzen Vorstellungsrunde."	We start the meeting with a short round of introductions.	Womit? • Damit		Synonymous with 'anfangen mit + Dat'.	A1
049	erzählen	über	+ Akk.	akk	to tell / report about (factual topic or detailed info)	"Der Reiseleiter erzählte viel Interessantes <span class=""blank"">[ &hellip; ]</span> die alte Burg."	"Der Reiseleiter erzählte viel Interessantes <span class=""highlight-prep"">über</span> die alte Burg."	The tour guide told many interesting things about the old castle.	Worüber? • Darüber / Über wen?	• <b>erzählen + von + Dat.</b>: to tell about / to narrate (events or experiences)	'über + Akk' focuses on specific facts/details of a subject.	A2
050	erzählen	von	+ Dat.	dat	to tell about / to narrate (events or experiences)	"Oma erzählte uns stundenlang <span class=""blank"">[ &hellip; ]</span> ihrer Jugend auf dem Land."	"Oma erzählte uns stundenlang <span class=""highlight-prep"">von</span> ihrer Jugend auf dem Land."	Grandma told us for hours about her youth in the countryside.	Wovon? • Davon / Von wem?	• <b>erzählen + über + Akk.</b>: to tell / report about (factual topic or detailed info)	General recounting of memories or stories.	A1
051	schreiben	an	+ Dat.	dat	to work on writing (a book, dissertation, article)	"Der bekannte Schriftsteller schreibt schon seit Jahren <span class=""blank"">[ &hellip; ]</span> einem neuen Roman."	"Der bekannte Schriftsteller schreibt schon seit Jahren <span class=""highlight-prep"">an</span> einem neuen Roman."	The famous author has been working on writing a new novel for years.	Woran? • Daran	• <b>schreiben + an + Akk.</b>: to write to (a recipient)<br>• <b>schreiben + über + Akk.</b>: to write about (a topic)	Note the contrast: 'an + Dat' means being in the process of composing a work!	B1
052	schreiben	über	+ Akk.	akk	to write about (a topic)	"Er schreibt seine Masterarbeit <span class=""blank"">[ &hellip; ]</span> erneuerbare Energien."	"Er schreibt seine Masterarbeit <span class=""highlight-prep"">über</span> erneuerbare Energien."	He is writing his master's thesis about renewable energy.	Worüber? • Darüber	• <b>schreiben + an + Akk.</b>: to write to (a recipient)<br>• <b>schreiben + an + Dat.</b>: to work on writing (a book, dissertation, article)	Denotes the theme or topic of the written piece.	A2
053	schreiben	an	+ Akk.	akk	to write to (a recipient)	"Sie schreibt eine lange Nachricht <span class=""blank"">[ &hellip; ]</span> ihre beste Freundin."	"Sie schreibt eine lange Nachricht <span class=""highlight-prep"">an</span> ihre beste Freundin."	She is writing a long message to her best friend.	An wen?	• <b>schreiben + an + Dat.</b>: to work on writing (a book, dissertation, article)<br>• <b>schreiben + über + Akk.</b>: to write about (a topic)	Recipient takes Akkusativ: 'an + Akk' (alternatively just Dativ without prep).	A1
054	sich handeln	um	+ Akk.	akk	to be a matter of / to concern (essential nature)	"Bei dieser Angelegenheit handelt es sich <span class=""blank"">[ &hellip; ]</span> ein ernstes Problem."	"Bei dieser Angelegenheit handelt es sich <span class=""highlight-prep"">um</span> ein ernstes Problem."	In this matter, it is a serious problem.	Worum? • Darum	• <b>handeln + von + Dat.</b>: to be about (plot, theme of a story/book/movie)<br>• <b>handeln + mit + Dat.</b>: to trade in / to deal with (goods, commodities)	Impersonal reflexive: always 'es handelt sich um + Akk'. Used for formal definitions.	B1
055	handeln	von	+ Dat.	dat	to be about (plot, theme of a story/book/movie)	"Das Lied handelt <span class=""blank"">[ &hellip; ]</span> einer bittersüßen Liebe im Sommer."	"Das Lied handelt <span class=""highlight-prep"">von</span> einer bittersüßen Liebe im Sommer."	The song is about a bittersweet love in summer.	Wovon? • Davon	• <b>sich handeln + um + Akk.</b>: to be a matter of / to concern (essential nature)<br>• <b>handeln + mit + Dat.</b>: to trade in / to deal with (goods, commodities)	Active verb: 'Das Buch handelt von...'. Do not confuse with 'es handelt sich um'!	A2
056	handeln	mit	+ Dat.	dat	to trade in / to deal with (goods, commodities)	"Der Händler handelt <span class=""blank"">[ &hellip; ]</span> edlen Weinen und Antiquitäten."	"Der Händler handelt <span class=""highlight-prep"">mit</span> edlen Weinen und Antiquitäten."	The merchant trades in fine wines and antiques.	Womit? • Damit / Mit wem?	• <b>handeln + von + Dat.</b>: to be about (plot, theme of a story/book/movie)<br>• <b>sich handeln + um + Akk.</b>: to be a matter of / to concern (essential nature)	Commerce and business transactions.	B1
057	gehören	zu	+ Dat.	dat	to belong to / to be part of (a group, set, or category)	"Kaffee gehört für viele <span class=""blank"">[ &hellip; ]</span> einem perfekten Morgen."	"Kaffee gehört für viele <span class=""highlight-prep"">zu</span> einem perfekten Morgen."	For many, coffee belongs to a perfect morning.	Wozu? • Dazu / Zu wem?		Membership or integral part. Note: simple ownership is 'etwas gehört jemandem (Dat)' without prep.	A2
058	bitten	um	+ Akk.	akk	to ask for / to request	"Darf ich Sie <span class=""blank"">[ &hellip; ]</span> einen kurzen Augenblick Geduld bitten?"	"Darf ich Sie <span class=""highlight-prep"">um</span> einen kurzen Augenblick Geduld bitten?"	May I ask you for a brief moment of patience?	Worum? • Darum		Formula: jemanden (Akk) um etwas (Akk) bitten. Crucial polite request phrasing.	A2
059	warten	mit	+ Dat.	dat	to hold off on / to delay doing something	"Wir sollten <span class=""blank"">[ &hellip; ]</span> dem Kauf noch warten, bis die Preise sinken."	"Wir sollten <span class=""highlight-prep"">mit</span> dem Kauf noch warten, bis die Preise sinken."	We should hold off on the purchase until prices drop.	Womit? • Damit	• <b>warten + auf + Akk.</b>: to wait for	Indicates postponing an action: 'mit der Entscheidung warten'.	B1
060	warten	auf	+ Akk.	akk	to wait for	"Wir warten schon seit einer halben Stunde <span class=""blank"">[ &hellip; ]</span> den verspäteten Zug."	"Wir warten schon seit einer halben Stunde <span class=""highlight-prep"">auf</span> den verspäteten Zug."	We have been waiting for the delayed train for half an hour.	Worauf? • Darauf / Auf wen?	• <b>warten + mit + Dat.</b>: to hold off on / to delay doing something	Preposition 'auf' always takes Akkusativ here. Never use 'für'!	A1
061	bestehen	in	+ Dat.	dat	to consist in / to lie in (the essence of)	"Die Schwierigkeit besteht <span class=""blank"">[ &hellip; ]</span> der genauen Umsetzung des Plans."	"Die Schwierigkeit besteht <span class=""highlight-prep"">in</span> der genauen Umsetzung des Plans."	The difficulty lies in the exact implementation of the plan.	Worin? • Darin	• <b>bestehen + aus + Dat.</b>: to consist of / to be made of<br>• <b>bestehen + auf + Dat.</b>: to insist on	Defines the core essence or nature of an abstract issue.	B2
062	bestehen	aus	+ Dat.	dat	to consist of / to be made of	"Das Team besteht <span class=""blank"">[ &hellip; ]</span> fünf erfahrenen Entwicklern."	"Das Team besteht <span class=""highlight-prep"">aus</span> fünf erfahrenen Entwicklern."	The team consists of five experienced developers.	Woraus? • Daraus	• <b>bestehen + auf + Dat.</b>: to insist on<br>• <b>bestehen + in + Dat.</b>: to consist in / to lie in (the essence of)	Physical components or group members.	A2
063	bestehen	auf	+ Dat.	dat	to insist on	"Der Gast bestand unnachgiebig <span class=""blank"">[ &hellip; ]</span> seinem Recht auf Rückerstattung."	"Der Gast bestand unnachgiebig <span class=""highlight-prep"">auf</span> seinem Recht auf Rückerstattung."	The guest unyieldingly insisted on his right to a refund.	Worauf? • Darauf	• <b>bestehen + aus + Dat.</b>: to consist of / to be made of<br>• <b>bestehen + in + Dat.</b>: to consist in / to lie in (the essence of)	In modern German, 'bestehen auf' predominantly takes Dativ.	B1
064	suchen	nach	+ Dat.	dat	to search for / to look for	"Die Forscher suchen intensiv <span class=""blank"">[ &hellip; ]</span> einer Heilung für die Krankheit."	"Die Forscher suchen intensiv <span class=""highlight-prep"">nach</span> einer Heilung für die Krankheit."	The researchers are searching intensively for a cure for the disease.	Wonach? • Danach / Nach wem?		Note: 'etwas suchen' (direct object Akk) is common for objects; 'suchen nach + Dat' emphasizes ongoing quest/effort.	A2
065	hoffen	auf	+ Akk.	akk	to hope for	"Die Landwirte hoffen dringend <span class=""blank"">[ &hellip; ]</span> ergiebigen Regen."	"Die Landwirte hoffen dringend <span class=""highlight-prep"">auf</span> ergiebigen Regen."	The farmers are urgently hoping for plentiful rain.	Worauf? • Darauf		Always takes 'auf + Akkusativ'. Never 'für'!	A2
066	achten	auf	+ Akk.	akk	to pay attention to / to watch out for	"Beim Überqueren der Straße musst du <span class=""blank"">[ &hellip; ]</span> den Verkehr achten."	"Beim Überqueren der Straße musst du <span class=""highlight-prep"">auf</span> den Verkehr achten."	When crossing the street you have to pay attention to the traffic.	Worauf? • Darauf / Auf wen?		Active attentiveness or care (e.g. auf die Ernährung achten).	A2
067	antworten	auf	+ Akk.	akk	to reply to / to answer (a question or message)	"Er hat noch immer nicht <span class=""blank"">[ &hellip; ]</span> meine dringende Frage geantwortet."	"Er hat noch immer nicht <span class=""highlight-prep"">auf</span> meine dringende Frage geantwortet."	He still hasn't answered my urgent question.	Worauf? • Darauf		jemandem (Dat) auf etwas (Akk) antworten. Contrast: 'etwas beantworten' takes direct Akk object.	A1
068	danken	für	+ Akk.	akk	to thank for	"Ich danke dir von ganzem Herzen <span class=""blank"">[ &hellip; ]</span> deine großzügige Unterstützung."	"Ich danke dir von ganzem Herzen <span class=""highlight-prep"">für</span> deine großzügige Unterstützung."	I thank you with all my heart for your generous support.	Wofür? • Dafür		Formula: jemandem (Dat) für etwas (Akk) danken.	A1
069	rechnen	mit	+ Dat.	dat	to count on / to expect / to anticipate	"Im Winter muss man jederzeit <span class=""blank"">[ &hellip; ]</span> glatten Straßen rechnen."	"Im Winter muss man jederzeit <span class=""highlight-prep"">mit</span> glatten Straßen rechnen."	In winter one must expect slippery roads at any time.	Womit? • Damit / Mit wem?		Anticipating a condition, event, or problem.	B1
070	fehlen	an	+ Dat.	dat	to lack / to be deficient in	"In dem Projekt fehlt es vor allem <span class=""blank"">[ &hellip; ]</span> qualifizierten Mitarbeitern."	"In dem Projekt fehlt es vor allem <span class=""highlight-prep"">an</span> qualifizierten Mitarbeitern."	In the project, there is primarily a lack of qualified employees.	Woran? • Daran		Often used impersonally: 'Es fehlt an + Dat'.	B1
071	passen	auf	+ Akk.	akk	to fit onto / to fit (physically)	"Der Deckel passt genau <span class=""blank"">[ &hellip; ]</span> diese kleine Dose."	"Der Deckel passt genau <span class=""highlight-prep"">auf</span> diese kleine Dose."	The lid fits exactly onto this small tin.	Worauf? • Darauf	• <b>passen + zu + Dat.</b>: to match / to suit / to go well with	Physical fit or attachment onto a surface/opening.	B1
072	passen	zu	+ Dat.	dat	to match / to suit / to go well with	"Dieser dunkle Gürtel passt perfekt <span class=""blank"">[ &hellip; ]</span> deinen neuen Schuhen."	"Dieser dunkle Gürtel passt perfekt <span class=""highlight-prep"">zu</span> deinen neuen Schuhen."	This dark belt goes perfectly with your new shoes.	Wozu? • Dazu / Zu wem?	• <b>passen + auf + Akk.</b>: to fit onto / to fit (physically)	Compatibility in style, character, or harmony.	A2
073	vertrauen	auf	+ Akk.	akk	to trust in / to rely on	"Sie vertraut voll und ganz <span class=""blank"">[ &hellip; ]</span> ihre eigene Intuition."	"Sie vertraut voll und ganz <span class=""highlight-prep"">auf</span> ihre eigene Intuition."	She trusts completely in her own intuition.	Worauf? • Darauf / Auf wen?		Can take simple Dativ (jemandem vertrauen) or 'auf + Akk' for strong reliance/faith.	B1
074	leiden	an	+ Dat.	dat	to suffer from (a specific medical illness or disease)	"Der Patient leidet seit seiner Kindheit <span class=""blank"">[ &hellip; ]</span> schwerem Asthma."	"Der Patient leidet seit seiner Kindheit <span class=""highlight-prep"">an</span> schwerem Asthma."	The patient has suffered from severe asthma since childhood.	Woran? • Daran	• <b>leiden + unter + Dat.</b>: to suffer under (difficult circumstances, stress, noise, loneliness)	CRUCIAL CONTRAST: 'leiden an + Dat' is reserved for diagnostic illnesses/diseases.	B1
075	leiden	unter	+ Dat.	dat	to suffer under (difficult circumstances, stress, noise, loneliness)	"Viele Großstädter leiden <span class=""blank"">[ &hellip; ]</span> dem ständigen Lärm und der Hektik."	"Viele Großstädter leiden <span class=""highlight-prep"">unter</span> dem ständigen Lärm und der Hektik."	Many city dwellers suffer under the constant noise and hectic pace.	Worunter? • Darunter	• <b>leiden + an + Dat.</b>: to suffer from (a specific medical illness or disease)	CRUCIAL CONTRAST: 'leiden unter + Dat' is used for environmental or situational conditions.	B1
076	zweifeln	an	+ Dat.	dat	to doubt / to have doubts about	"Niemand im Kollegium zweifelt <span class=""blank"">[ &hellip; ]</span> seiner außergewöhnlichen Kompetenz."	"Niemand im Kollegium zweifelt <span class=""highlight-prep"">an</span> seiner außergewöhnlichen Kompetenz."	No one on the faculty doubts his extraordinary competence.	Woran? • Daran / An wem?		Always takes 'an + Dativ'.	B1
077	sich freuen	über	+ Akk.	akk	to be pleased / happy about (a PRESENT or PAST event/gift)	"Ich habe mich sehr <span class=""blank"">[ &hellip; ]</span> deinen liebevollen Brief gefreut."	"Ich habe mich sehr <span class=""highlight-prep"">über</span> deinen liebevollen Brief gefreut."	I was very pleased about your loving letter.	Worüber? • Darüber / Über wen?	• <b>sich freuen + auf + Akk.</b>: to look forward to (a FUTURE event)	PRESENT/PAST ONLY: reaction to something that has occurred or already arrived.	A1
078	sich freuen	auf	+ Akk.	akk	to look forward to (a FUTURE event)	"Wir freuen uns schon riesig <span class=""blank"">[ &hellip; ]</span> den bevorstehenden Urlaub."	"Wir freuen uns schon riesig <span class=""highlight-prep"">auf</span> den bevorstehenden Urlaub."	We are already looking forward very much to the upcoming vacation.	Worauf? • Darauf / Auf wen?	• <b>sich freuen + über + Akk.</b>: to be pleased / happy about (a PRESENT or PAST event/gift)	FUTURE TIME ONLY: anticipation of something yet to happen. Always Akkusativ.	A1
079	sich interessieren	für	+ Akk.	akk	to be interested in	"Interessierst du dich eigentlich <span class=""blank"">[ &hellip; ]</span> klassische Architektur?"	"Interessierst du dich eigentlich <span class=""highlight-prep"">für</span> klassische Architektur?"	Are you actually interested in classical architecture?	Wofür? • Dafür / Für wen?		Reflexive verb with Akk. object (sich) and 'für + Akk'.	A1
080	sich erinnern	an	+ Akk.	akk	to remember / to recall	"Erinnert ihr euch noch <span class=""blank"">[ &hellip; ]</span> unseren ersten gemeinsamen Schultag?"	"Erinnert ihr euch noch <span class=""highlight-prep"">an</span> unseren ersten gemeinsamen Schultag?"	Do you still remember our first school day together?	Woran? • Daran / An wen?		Reflexive: 'sich erinnern an + Akk'. Active form 'jemanden an etwas erinnern' = to remind someone of something.	A2
081	sich kümmern	um	+ Akk.	akk	to take care of / to look after / to attend to	"Wer kümmert sich während deiner Abwesenheit <span class=""blank"">[ &hellip; ]</span> die Haustiere?"	"Wer kümmert sich während deiner Abwesenheit <span class=""highlight-prep"">um</span> die Haustiere?"	Who will take care of the pets during your absence?	Worum? • Darum / Um wen?		Taking responsibility for someone or dealing with a task.	A2
082	sich ärgern	über	+ Akk.	akk	to be annoyed / irritated / angry about	"Sie ärgert sich maßlos <span class=""blank"">[ &hellip; ]</span> den unzuverlässigen Handwerker."	"Sie ärgert sich maßlos <span class=""highlight-prep"">über</span> den unzuverlässigen Handwerker."	She is exceedingly annoyed about the unreliable craftsman.	Worüber? • Darüber / Über wen?		Reflexive emotional state. Always 'über + Akkusativ'.	A2
083	sich beschäftigen	mit	+ Dat.	dat	to occupy oneself with / to be busy with	"In ihrer Freizeit beschäftigt sie sich gern <span class=""blank"">[ &hellip; ]</span> Malerei."	"In ihrer Freizeit beschäftigt sie sich gern <span class=""highlight-prep"">mit</span> Malerei."	In her free time she likes to occupy herself with painting.	Womit? • Damit / Mit wem?		Dedicated activity or hobby. Always takes 'mit + Dativ'.	A2
084	sich bewerben	um	+ Akk.	akk	to apply for (a job, position, scholarship)	"Er bewirbt sich <span class=""blank"">[ &hellip; ]</span> ein Stipendium an einer angesehenen Universität."	"Er bewirbt sich <span class=""highlight-prep"">um</span> ein Stipendium an einer angesehenen Universität."	He is applying for a scholarship at a prestigious university.	Worum? • Darum	• <b>sich bewerben + bei + Dat.</b>: to apply to / at (a company, institution)	The target role or prize takes 'um + Akkusativ'.	A2
085	sich bewerben	bei	+ Dat.	dat	to apply to / at (a company, institution)	"Sie hat sich <span class=""blank"">[ &hellip; ]</span> einer internationalen Bank beworben."	"Sie hat sich <span class=""highlight-prep"">bei</span> einer internationalen Bank beworben."	She applied at an international bank.	Bei wem?	• <b>sich bewerben + um + Akk.</b>: to apply for (a job, position, scholarship)	The target organization/company takes 'bei + Dativ'.	A2
086	sich gewöhnen	an	+ Akk.	akk	to get used to / to accustom oneself to	"Ich kann mich einfach nicht <span class=""blank"">[ &hellip; ]</span> den frühen Wecker gewöhnen."	"Ich kann mich einfach nicht <span class=""highlight-prep"">an</span> den frühen Wecker gewöhnen."	I simply cannot get used to the early alarm clock.	Woran? • Daran / An wen?		Always takes 'an + Akkusativ'.	A2
087	sich konzentrieren	auf	+ Akk.	akk	to concentrate on / to focus on	"Bitte konzentrieren Sie sich voll <span class=""blank"">[ &hellip; ]</span> die bevorstehende Prüfung!"	"Bitte konzentrieren Sie sich voll <span class=""highlight-prep"">auf</span> die bevorstehende Prüfung!"	Please concentrate fully on the upcoming exam!	Worauf? • Darauf / Auf wen?		Direction of mental focus: takes Akkusativ.	A2
088	sich verlassen	auf	+ Akk.	akk	to rely on / to depend on	"Auf meine engsten Freunde kann ich mich immer <span class=""blank"">[ &hellip; ]</span> blind verlassen."	"Auf meine engsten Freunde kann ich mich immer <span class=""highlight-prep"">auf</span> blind verlassen."	I can always blindly rely on my closest friends.	Worauf? • Darauf / Auf wen?		Reflexive verb (sich verlassen auf). Trusting someone's dependability.	B1
089	sich beziehen	auf	+ Akk.	akk	to refer to / to relate to	"Mein Schreiben bezieht sich <span class=""blank"">[ &hellip; ]</span> Ihr Inserat vom 15. Mai."	"Mein Schreiben bezieht sich <span class=""highlight-prep"">auf</span> Ihr Inserat vom 15. Mai."	My letter refers to your advertisement from May 15th.	Worauf? • Darauf		Essential in formal correspondence ('Bezug nehmend auf...').	B1
090	sich vorbereiten	auf	+ Akk.	akk	to prepare for	"Die Sportler bereiten sich monatelang <span class=""blank"">[ &hellip; ]</span> den Marathon vor."	"Die Sportler bereiten sich monatelang <span class=""highlight-prep"">auf</span> den Marathon vor."	The athletes prepare for months for the marathon.	Worauf? • Darauf		Separable reflexive verb (sich vor|bereiten).	A2
091	sich verlieben	in	+ Akk.	akk	to fall in love with	"Er hat sich unsterblich <span class=""blank"">[ &hellip; ]</span> seine Arbeitskollegin verliebt."	"Er hat sich unsterblich <span class=""highlight-prep"">in</span> seine Arbeitskollegin verliebt."	He fell hopelessly in love with his coworker.	In wen? / Worin?		Note: takes 'in + Akkusativ' (never 'mit'!).	A2
092	sich verabreden	mit	+ Dat.	dat	to arrange to meet with / to make a date with	"Ich habe mich für heute Abend <span class=""blank"">[ &hellip; ]</span> Markus verabredet."	"Ich habe mich für heute Abend <span class=""highlight-prep"">mit</span> Markus verabredet."	I arranged to meet with Markus for this evening.	Mit wem?		Social meeting appointment.	A2
093	abhängen	von	+ Dat.	dat	to depend on	"Der Erfolg eines Unternehmens hängt stark <span class=""blank"">[ &hellip; ]</span> seinen Mitarbeitern ab."	"Der Erfolg eines Unternehmens hängt stark <span class=""highlight-prep"">von</span> seinen Mitarbeitern ab."	The success of a business depends heavily on its employees.	Wovon? • Davon / Von wem?		Separable verb: 'ab|hängen von + Dat'.	A2
094	aufhören	mit	+ Dat.	dat	to stop / to cease doing something	"Wann hörst du endlich <span class=""blank"">[ &hellip; ]</span> dem ständigen Jammern auf?"	"Wann hörst du endlich <span class=""highlight-prep"">mit</span> dem ständigen Jammern auf?"	When will you finally stop the constant whining?	Womit? • Damit		Separable verb: 'auf|hören mit + Dat'.	A1
095	aufpassen	auf	+ Akk.	akk	to watch out for / to look after	"Könntest du kurz <span class=""blank"">[ &hellip; ]</span> mein Gepäck aufpassen?"	"Könntest du kurz <span class=""highlight-prep"">auf</span> mein Gepäck aufpassen?"	Could you watch my luggage for a moment?	Worauf? • Darauf / Auf wen?		Separable verb: 'auf|passen auf + Akk'. Guarding or minding someone/something.	A2
096	ausgeben	für	+ Akk.	akk	to spend (money) on	"Er gibt viel zu viel Geld <span class=""blank"">[ &hellip; ]</span> teure Kleidung aus."	"Er gibt viel zu viel Geld <span class=""highlight-prep"">für</span> teure Kleidung aus."	He spends far too much money on expensive clothes.	Wofür? • Dafür		Separable verb: Geld ausgeben für + Akk.	A2
097	beitragen	zu	+ Dat.	dat	to contribute to	"Jeder einzelne Bürger kann <span class=""blank"">[ &hellip; ]</span> einer sauberen Umwelt beitragen."	"Jeder einzelne Bürger kann <span class=""highlight-prep"">zu</span> einer sauberen Umwelt beitragen."	Every single citizen can contribute to a clean environment.	Wozu? • Dazu		Irregular separable verb (trägt bei; trug bei; beigetragen).	B1
098	berichten	von	+ Dat.	dat	to report / tell of (an incident or experience)	"Der Augenzeuge berichtete <span class=""blank"">[ &hellip; ]</span> einem lauten Knall."	"Der Augenzeuge berichtete <span class=""highlight-prep"">von</span> einem lauten Knall."	The eyewitness reported of a loud bang.	Wovon? • Davon	• <b>berichten + über + Akk.</b>: to report on (a comprehensive subject or event)	Focuses on personal observation or occurrence.	B1
099	berichten	über	+ Akk.	akk	to report on (a comprehensive subject or event)	"Die Zeitungen berichten ausführlich <span class=""blank"">[ &hellip; ]</span> die neue Gesetzesreform."	"Die Zeitungen berichten ausführlich <span class=""highlight-prep"">über</span> die neue Gesetzesreform."	The newspapers report extensively on the new legal reform.	Worüber? • Darüber / Über wen?	• <b>berichten + von + Dat.</b>: to report / tell of (an incident or experience)	Journalistic or detailed factual reporting.	A2
100	einladen	zu	+ Dat.	dat	to invite to (an event or party)	"Wir möchten dich herzlich <span class=""blank"">[ &hellip; ]</span> unserer Geburtstagsfeier einladen."	"Wir möchten dich herzlich <span class=""highlight-prep"">zu</span> unserer Geburtstagsfeier einladen."	We would like to warmly invite you to our birthday party.	Wozu? • Dazu		Formula: jemanden (Akk) zu etwas (Dat) einladen.	A1
101	sich entscheiden	gegen	+ Akk.	akk	to decide against	"Er hat sich bewusst <span class=""blank"">[ &hellip; ]</span> den teuren Umzug entschieden."	"Er hat sich bewusst <span class=""highlight-prep"">gegen</span> den teuren Umzug entschieden."	He deliberately decided against the expensive relocation.	Wogegen? • Dagegen	• <b>sich entscheiden + für + Akk.</b>: to decide in favor of / to choose	Rejecting an option.	A2
102	sich entscheiden	für	+ Akk.	akk	to decide in favor of / to choose	"Nach langer Überlegung entschied sie sich <span class=""blank"">[ &hellip; ]</span> das Medizinstudium."	"Nach langer Überlegung entschied sie sich <span class=""highlight-prep"">für</span> das Medizinstudium."	After long consideration she decided in favor of medical school.	Wofür? • Dafür / Für wen?	• <b>sich entscheiden + gegen + Akk.</b>: to decide against	Selecting an option among alternatives.	A2
103	sich entschuldigen	für	+ Akk.	akk	to apologize for (a mistake or action)	"Ich entschuldige mich vielmals <span class=""blank"">[ &hellip; ]</span> das Missgeschick."	"Ich entschuldige mich vielmals <span class=""highlight-prep"">für</span> das Missgeschick."	I apologize very much for the mishap.	Wofür? • Dafür	• <b>sich entschuldigen + bei + Dat.</b>: to apologize to (a person)	The reason for the apology takes 'für + Akkusativ'.	A1
104	sich entschuldigen	bei	+ Dat.	dat	to apologize to (a person)	"Er sollte sich aufrichtig <span class=""blank"">[ &hellip; ]</span> seiner Nachbarin entschuldigen."	"Er sollte sich aufrichtig <span class=""highlight-prep"">bei</span> seiner Nachbarin entschuldigen."	He should sincerely apologize to his neighbor.	Bei wem?	• <b>sich entschuldigen + für + Akk.</b>: to apologize for (a mistake or action)	The recipient of the apology takes 'bei + Dativ'.	A1
105	sich erholen	von	+ Dat.	dat	to recover from (illness, stress, strain)	"Sie muss sich erst <span class=""blank"">[ &hellip; ]</span> den Strapazen der langen Reise erholen."	"Sie muss sich erst <span class=""highlight-prep"">von</span> den Strapazen der langen Reise erholen."	She first needs to recover from the hardships of the long journey.	Wovon? • Davon		Restoration of health or energy.	A2
106	erkennen	an	+ Dat.	dat	to recognize by (a characteristic feature)	"Ich habe sie sofort <span class=""blank"">[ &hellip; ]</span> ihrem herzlichen Lachen erkannt."	"Ich habe sie sofort <span class=""highlight-prep"">an</span> ihrem herzlichen Lachen erkannt."	I recognized her immediately by her hearty laugh.	Woran? • Daran		Formula: jemanden an etwas (Dat) erkennen.	B1
107	sich erkundigen	nach	+ Dat.	dat	to inquire about (information, conditions)	"Er erkundigte sich am Schalter <span class=""blank"">[ &hellip; ]</span> den Abfahrtszeiten."	"Er erkundigte sich am Schalter <span class=""highlight-prep"">nach</span> den Abfahrtszeiten."	He inquired at the counter about departure times.	Wonach? • Danach	• <b>sich erkundigen + bei + Dat.</b>: to inquire with / at (a person or institution)	More formal synonym for 'fragen nach + Dat'.	B1
108	sich erkundigen	bei	+ Dat.	dat	to inquire with / at (a person or institution)	"Sie erkundigte sich <span class=""blank"">[ &hellip; ]</span> der Behörde nach den notwendigen Unterlagen."	"Sie erkundigte sich <span class=""highlight-prep"">bei</span> der Behörde nach den notwendigen Unterlagen."	She inquired at the agency about the required documents.	Bei wem?	• <b>sich erkundigen + nach + Dat.</b>: to inquire about (information, conditions)	The source/authority being asked takes 'bei + Dativ'.	B1
109	erschrecken	vor	+ Dat.	dat	to be frightened of (a sudden noise, animal, entity)	"Das Baby erschrak furchtbar <span class=""blank"">[ &hellip; ]</span> dem lauten Donner."	"Das Baby erschrak furchtbar <span class=""highlight-prep"">vor</span> dem lauten Donner."	The baby was terribly frightened by the loud thunder.	Wovor? • Davor / Vor wem?	• <b>erschrecken + über + Akk.</b>: to be shocked / startled by (news, realization)	Direct sensory startle response to a danger or sudden noise.	B1
110	erschrecken	über	+ Akk.	akk	to be shocked / startled by (news, realization)	"Die Bürger erschraken <span class=""blank"">[ &hellip; ]</span> den drastischen Preisanstieg."	"Die Bürger erschraken <span class=""highlight-prep"">über</span> den drastischen Preisanstieg."	The citizens were shocked by the drastic price increase.	Worüber? • Darüber	• <b>erschrecken + vor + Dat.</b>: to be frightened of (a sudden noise, animal, entity)	Emotional shock upon discovering a fact or news item.	B1
111	sich fürchten	vor	+ Dat.	dat	to be afraid of / to dread	"Manche Menschen fürchten sich <span class=""blank"">[ &hellip; ]</span> engen Räumen."	"Manche Menschen fürchten sich <span class=""highlight-prep"">vor</span> engen Räumen."	Some people are afraid of confined spaces.	Wovor? • Davor / Vor wem?		Always 'vor + Dativ'. Synonymous with 'Angst haben vor + Dat'.	B1
112	gratulieren	zu	+ Dat.	dat	to congratulate on	"Wir gratulieren dir ganz herzlich <span class=""blank"">[ &hellip; ]</span> deiner bestandenen Prüfung!"	"Wir gratulieren dir ganz herzlich <span class=""highlight-prep"">zu</span> deiner bestandenen Prüfung!"	We warmly congratulate you on your passed exam!	Wozu? • Dazu		Formula: jemandem (Dat) zu etwas (Dat) gratulieren.	A2
113	klagen	über	+ Akk.	akk	to complain about / to lament	"Die Patienten klagen <span class=""blank"">[ &hellip; ]</span> anhaltende Übelkeit."	"Die Patienten klagen <span class=""highlight-prep"">über</span> anhaltende Übelkeit."	The patients complain of persistent nausea.	Worüber? • Darüber	• <b>klagen + gegen + Akk.</b>: to file a lawsuit against / to sue	Medical complaints or general grievances.	B1
114	klagen	gegen	+ Akk.	akk	to file a lawsuit against / to sue	"Der Anwohner klagt <span class=""blank"">[ &hellip; ]</span> den Bau der neuen Autobahn."	"Der Anwohner klagt <span class=""highlight-prep"">gegen</span> den Bau der neuen Autobahn."	The resident is suing against the construction of the new highway.	Wogegen? • Dagegen / Gegen wen?	• <b>klagen + über + Akk.</b>: to complain about / to lament	Legal context: bringing action before a court.	B2
115	protestieren	gegen	+ Akk.	akk	to protest against	"Tausende Bürger protestieren friedlich <span class=""blank"">[ &hellip; ]</span> die Steuererhöhung."	"Tausende Bürger protestieren friedlich <span class=""highlight-prep"">gegen</span> die Steuererhöhung."	Thousands of citizens are peacefully protesting against the tax increase.	Wogegen? • Dagegen		Always takes 'gegen + Akkusativ'.	B1
116	reagieren	auf	+ Akk.	akk	to react to	"Wie hat die Schulleitung <span class=""blank"">[ &hellip; ]</span> die Beschwerde reagiert?"	"Wie hat die Schulleitung <span class=""highlight-prep"">auf</span> die Beschwerde reagiert?"	How did the school administration react to the complaint?	Worauf? • Darauf / Auf wen?		Always takes 'auf + Akkusativ'.	A2
117	riechen	nach	+ Dat.	dat	to smell like / of	"Im ganzen Haus riecht es köstlich <span class=""blank"">[ &hellip; ]</span> frisch gebackenem Brot."	"Im ganzen Haus riecht es köstlich <span class=""highlight-prep"">nach</span> frisch gebackenem Brot."	The whole house smells delicious like freshly baked bread.	Wonach? • Danach		Sensory impression of aroma.	A2
118	schmecken	nach	+ Dat.	dat	to taste like / of	"Das Dessert schmeckt wunderbar <span class=""blank"">[ &hellip; ]</span> frischer Vanille."	"Das Dessert schmeckt wunderbar <span class=""highlight-prep"">nach</span> frischer Vanille."	The dessert tastes wonderful like fresh vanilla.	Wonach? • Danach		Sensory impression of taste.	A2
119	schützen	gegen	+ Akk.	akk	to protect against (disease, attack)	"Die Impfung schützt zuverlässig <span class=""blank"">[ &hellip; ]</span> eine schwere Infektion."	"Die Impfung schützt zuverlässig <span class=""highlight-prep"">gegen</span> eine schwere Infektion."	The vaccination reliably protects against severe infection.	Wogegen? • Dagegen	• <b>schützen + vor + Dat.</b>: to protect from / to shield against	Often used interchangeably with 'vor + Dat', especially in medical contexts.	B1
120	schützen	vor	+ Dat.	dat	to protect from / to shield against	"Sonnencreme schützt die empfindliche Haut <span class=""blank"">[ &hellip; ]</span> gefährlichen Sonnenbränden."	"Sonnencreme schützt die empfindliche Haut <span class=""highlight-prep"">vor</span> gefährlichen Sonnenbränden."	Sunscreen protects sensitive skin from dangerous sunburns.	Wovor? • Davor	• <b>schützen + gegen + Akk.</b>: to protect against (disease, attack)	Defense against an environmental threat or hazard.	A2
121	sorgen	für	+ Akk.	akk	to provide for / to ensure / to take care of	"Gute Musik sorgt <span class=""blank"">[ &hellip; ]</span> eine ausgelassene Stimmung."	"Gute Musik sorgt <span class=""highlight-prep"">für</span> eine ausgelassene Stimmung."	Good music provides for a lively atmosphere.	Wofür? • Dafür	• <b>sich sorgen + um + Akk.</b>: to worry about	Creating a condition or caring for dependents ('für die Kinder sorgen').	A2
122	sich sorgen	um	+ Akk.	akk	to worry about	"Die Großmutter sorgt sich sehr <span class=""blank"">[ &hellip; ]</span> das Wohl ihrer Enkel."	"Die Großmutter sorgt sich sehr <span class=""highlight-prep"">um</span> das Wohl ihrer Enkel."	The grandmother worries greatly about the well-being of her grandchildren.	Worum? • Darum / Um wen?	• <b>sorgen + für + Akk.</b>: to provide for / to ensure / to take care of	Reflexive: 'sich sorgen um + Akk'. Synonymous with 'sich Sorgen machen um'.	B1
123	sterben	an	+ Dat.	dat	to die of (a cause or illness)	"Viele Patienten starben früher <span class=""blank"">[ &hellip; ]</span> einer einfachen Wundinfektion."	"Viele Patienten starben früher <span class=""highlight-prep"">an</span> einer einfachen Wundinfektion."	Many patients formerly died of a simple wound infection.	Woran? • Daran		Cause of death takes 'an + Dativ'.	B1
124	träumen	von	+ Dat.	dat	to dream of / about	"Seit ihrer Kindheit träumt sie <span class=""blank"">[ &hellip; ]</span> einem eigenen Haus am Meer."	"Seit ihrer Kindheit träumt sie <span class=""highlight-prep"">von</span> einem eigenen Haus am Meer."	Since childhood she has been dreaming of her own house by the sea.	Wovon? • Davon / Von wem?		Both nocturnal dreams and long-term aspirational wishes.	A1
125	überzeugen	von	+ Dat.	dat	to convince of / to persuade of	"Seine schlüssigen Argumente überzeugten uns <span class=""blank"">[ &hellip; ]</span> der Richtigkeit des Plans."	"Seine schlüssigen Argumente überzeugten uns <span class=""highlight-prep"">von</span> der Richtigkeit des Plans."	His coherent arguments convinced us of the correctness of the plan.	Wovon? • Davon / Von wem?		Formula: jemanden (Akk) von etwas (Dat) überzeugen.	B1
126	sich unterhalten	über	+ Akk.	akk	to converse about / to discuss (a topic)	"Wir haben uns stundenlang <span class=""blank"">[ &hellip; ]</span> alte Erinnerungen unterhalten."	"Wir haben uns stundenlang <span class=""highlight-prep"">über</span> alte Erinnerungen unterhalten."	We chatted for hours about old memories.	Worüber? • Darüber / Über wen?	• <b>sich unterhalten + mit + Dat.</b>: to converse with / to chat with (someone)	Topic of conversation: 'über + Akkusativ'.	A2
127	sich unterhalten	mit	+ Dat.	dat	to converse with / to chat with (someone)	"Ich habe mich auf dem Empfang lange <span class=""blank"">[ &hellip; ]</span> dem Botschafter unterhalten."	"Ich habe mich auf dem Empfang lange <span class=""highlight-prep"">mit</span> dem Botschafter unterhalten."	At the reception, I chatted for a long time with the ambassador.	Mit wem?	• <b>sich unterhalten + über + Akk.</b>: to converse about / to discuss (a topic)	Partner in conversation: 'mit + Dativ'.	A2
128	verbinden	mit	+ Dat.	dat	to connect with / to associate with	"Mit diesem melancholischen Lied verbinde ich <span class=""blank"">[ &hellip; ]</span> meinen schönsten Sommer."	"Mit diesem melancholischen Lied verbinde ich <span class=""highlight-prep"">mit</span> meinen schönsten Sommer."	I associate this melancholic song with my most beautiful summer.	Womit? • Damit / Mit wem?		Mental association or physical connection.	B1
129	vergleichen	mit	+ Dat.	dat	to compare with	"Man kann die Situation heute kaum <span class=""blank"">[ &hellip; ]</span> den Zuständen vor fünfzig Jahren vergleichen."	"Man kann die Situation heute kaum <span class=""highlight-prep"">mit</span> den Zuständen vor fünfzig Jahren vergleichen."	One can hardly compare the situation today with conditions fifty years ago.	Womit? • Damit / Mit wem?		Drawing comparisons.	B1
130	verzichten	auf	+ Akk.	akk	to do without / to forgo / to renounce	"Er verzichtet während der Fastenzeit komplett <span class=""blank"">[ &hellip; ]</span> raffinierten Zucker."	"Er verzichtet während der Fastenzeit komplett <span class=""highlight-prep"">auf</span> raffinierten Zucker."	During Lent, he completely gives up refined sugar.	Worauf? • Darauf		Voluntarily giving up a privilege, habit, or item. Always 'auf + Akk'.	B1
131	warnen	vor	+ Dat.	dat	to warn against / to alert to	"Experten warnen eindringlich <span class=""blank"">[ &hellip; ]</span> den Folgen des Klimawandels."	"Experten warnen eindringlich <span class=""highlight-prep"">vor</span> den Folgen des Klimawandels."	Experts urgently warn against the consequences of climate change.	Wovor? • Davor / Vor wem?		Formula: jemanden vor etwas (Dat) warnen.	B1
132	sich wundern	über	+ Akk.	akk	to be surprised at / to wonder at	"Ich wundere mich immer wieder <span class=""blank"">[ &hellip; ]</span> seine unglaubliche Energie."	"Ich wundere mich immer wieder <span class=""highlight-prep"">über</span> seine unglaubliche Energie."	I am repeatedly amazed at his incredible energy.	Worüber? • Darüber / Über wen?		Surprise or bewilderment. Always 'über + Akkusativ'.	A2
133	zusammenhängen	mit	+ Dat.	dat	to be connected with / to correlate with	"Häufige Kopfschmerzen hängen oft eng <span class=""blank"">[ &hellip; ]</span> zu wenig Schlaf zusammen."	"Häufige Kopfschmerzen hängen oft eng <span class=""highlight-prep"">mit</span> zu wenig Schlaf zusammen."	Frequent headaches are often closely linked to too little sleep.	Womit? • Damit		Separable verb: 'zusammen|hängen mit + Dat'.	B1
134	zwingen	zu	+ Dat.	dat	to force to / to compel to	"Die schwere Verletzung zwang den Athleten <span class=""blank"">[ &hellip; ]</span> einem vorzeitigen Karriereende."	"Die schwere Verletzung zwang den Athleten <span class=""highlight-prep"">zu</span> einem vorzeitigen Karriereende."	The severe injury forced the athlete to an early retirement.	Wozu? • Dazu		Formula: jemanden zu etwas (Dat) zwingen.	B1
135	anfangen	mit	+ Dat.	dat	to start with / to begin with	"Wann fängst du endlich <span class=""blank"">[ &hellip; ]</span> der Vorbereitung auf das Examen an?"	"Wann fängst du endlich <span class=""highlight-prep"">mit</span> der Vorbereitung auf das Examen an?"	When will you finally start preparing for the exam?	Womit? • Damit		Separable verb (fängt an; fing an; angefangen). Takes Dativ.	A1
136	eingehen	auf	+ Akk.	akk	to address / to respond to / to agree to	"Der Referent ging freundlich <span class=""blank"">[ &hellip; ]</span> alle Fragen des Publikums ein."	"Der Referent ging freundlich <span class=""highlight-prep"">auf</span> alle Fragen des Publikums ein."	The speaker kindly addressed all questions from the audience.	Worauf? • Darauf		Separable verb (auf etwas eingehen). Thorough response or consideration.	B1
137	hinweisen	auf	+ Akk.	akk	to point out / to draw attention to	"Das Schild weist die Autofahrer <span class=""blank"">[ &hellip; ]</span> die akute Rutschgefahr hin."	"Das Schild weist die Autofahrer <span class=""highlight-prep"">auf</span> die akute Rutschgefahr hin."	The sign alerts drivers to the acute danger of skidding.	Worauf? • Darauf / Auf wen?		Separable verb (hin|weisen). Takes 'auf + Akkusativ'.	B1
138	hören	von	+ Dat.	dat	to hear from / about (someone/something)	"Hast du in letzter Zeit etwas Neues <span class=""blank"">[ &hellip; ]</span> deinem Schulfreund gehört?"	"Hast du in letzter Zeit etwas Neues <span class=""highlight-prep"">von</span> deinem Schulfreund gehört?"	Have you heard anything new from your school friend lately?	Wovon? • Davon / Von wem?	• <b>hören + auf + Akk.</b>: to listen to / to obey (advice, a person)	Receiving news or updates.	A1
139	hören	auf	+ Akk.	akk	to listen to / to obey (advice, a person)	"Der sture Junge will einfach nicht <span class=""blank"">[ &hellip; ]</span> den Rat seiner Eltern hören."	"Der sture Junge will einfach nicht <span class=""highlight-prep"">auf</span> den Rat seiner Eltern hören."	The stubborn boy simply does not want to listen to his parents' advice.	Worauf? • Darauf / Auf wen?	• <b>hören + von + Dat.</b>: to hear from / about (someone/something)	Heeding instructions or following advice.	A2
140	kämpfen	gegen	+ Akk.	akk	to fight against (an enemy, injustice, disease)	"Die Ärzte kämpfen mit allen Mitteln <span class=""blank"">[ &hellip; ]</span> die heimtückische Krankheit."	"Die Ärzte kämpfen mit allen Mitteln <span class=""highlight-prep"">gegen</span> die heimtückische Krankheit."	Doctors are fighting by all means against the insidious disease.	Wogegen? • Dagegen / Gegen wen?	• <b>kämpfen + für + Akk.</b>: to fight for (a cause, justice, freedom)<br>• <b>kämpfen + um + Akk.</b>: to fight over / for (survival, a trophy, custody)	Opposing or battling a threat.	A2
141	kämpfen	für	+ Akk.	akk	to fight for (a cause, justice, freedom)	"Aktivisten kämpfen unermüdlich <span class=""blank"">[ &hellip; ]</span> eine gerechtere Welt."	"Aktivisten kämpfen unermüdlich <span class=""highlight-prep"">für</span> eine gerechtere Welt."	Activists fight tirelessly for a more just world.	Wofür? • Dafür / Für wen?	• <b>kämpfen + gegen + Akk.</b>: to fight against (an enemy, injustice, disease)<br>• <b>kämpfen + um + Akk.</b>: to fight over / for (survival, a trophy, custody)	Fighting in support of a goal.	A2
142	kämpfen	um	+ Akk.	akk	to fight over / for (survival, a trophy, custody)	"Die beiden Finalisten kämpfen verbissen <span class=""blank"">[ &hellip; ]</span> den begehrten Pokal."	"Die beiden Finalisten kämpfen verbissen <span class=""highlight-prep"">um</span> den begehrten Pokal."	Both finalists are fighting fiercely for the coveted trophy.	Worum? • Darum	• <b>kämpfen + für + Akk.</b>: to fight for (a cause, justice, freedom)<br>• <b>kämpfen + gegen + Akk.</b>: to fight against (an enemy, injustice, disease)	Contesting or struggling to obtain/retain an object or state.	B1
143	klarkommen	mit	+ Dat.	dat	to cope with / to manage / to get along with	"Kommst du im Alltag gut <span class=""blank"">[ &hellip; ]</span> deinem neuen Vorgesetzten klar?"	"Kommst du im Alltag gut <span class=""highlight-prep"">mit</span> deinem neuen Vorgesetzten klar?"	Do you get along well with your new supervisor in daily life?	Womit? • Damit / Mit wem?		Separable colloquial idiom: 'klar|kommen mit + Dat'.	A2
144	mangeln	an	+ Dat.	dat	to lack / to be wanting in	"Dem jungen Start-up mangelt es vor allem <span class=""blank"">[ &hellip; ]</span> ausreichendem Kapital."	"Dem jungen Start-up mangelt es vor allem <span class=""highlight-prep"">an</span> ausreichendem Kapital."	The young start-up primarily lacks sufficient capital.	Woran? • Daran		Impersonal: 'Es mangelt an + Dat'. Similar to 'fehlen an'.	B1
145	profitieren	von	+ Dat.	dat	to profit from / to benefit from	"Beide Unternehmen profitieren enorm <span class=""blank"">[ &hellip; ]</span> der neuen Partnerschaft."	"Beide Unternehmen profitieren enorm <span class=""highlight-prep"">von</span> der neuen Partnerschaft."	Both companies benefit enormously from the new partnership.	Wovon? • Davon / Von wem?		Gaining an advantage from a situation.	B1
146	sich rächen	für	+ Akk.	akk	to take revenge for (an offense or wrong)	"Sie wollte sich <span class=""blank"">[ &hellip; ]</span> die schwere Demütigung rächen."	"Sie wollte sich <span class=""highlight-prep"">für</span> die schwere Demütigung rächen."	She wanted to avenge the severe humiliation.	Wofür? • Dafür	• <b>sich rächen + an + Dat.</b>: to take revenge on (a person)	The reason or grievance takes 'für + Akkusativ'.	B2
147	sich rächen	an	+ Dat.	dat	to take revenge on (a person)	"Er schwor, sich eines Tages <span class=""blank"">[ &hellip; ]</span> seinem Verräter zu rächen."	"Er schwor, sich eines Tages <span class=""highlight-prep"">an</span> seinem Verräter zu rächen."	He swore to take revenge on his betrayer one day.	An wem?	• <b>sich rächen + für + Akk.</b>: to take revenge for (an offense or wrong)	The target of revenge takes 'an + Dativ'.	B2
148	raten	zu	+ Dat.	dat	to advise to / to recommend	"Der Arzt riet ihm dringend <span class=""blank"">[ &hellip; ]</span> einer sofortigen Kur."	"Der Arzt riet ihm dringend <span class=""highlight-prep"">zu</span> einer sofortigen Kur."	The doctor urgently advised him to take an immediate spa cure.	Wozu? • Dazu		Formula: jemandem (Dat) zu etwas (Dat) raten.	B1
149	richten	an	+ Akk.	akk	to address to / to direct toward (an audience)	"Die Worte der Kanzlerin richteten sich <span class=""blank"">[ &hellip; ]</span> das gesamte Volk."	"Die Worte der Kanzlerin richteten sich <span class=""highlight-prep"">an</span> das gesamte Volk."	The Chancellor's words were addressed to the entire nation.	An wen?	• <b>sich richten + nach + Dat.</b>: to conform to / to be guided by / to depend on	The target audience takes 'an + Akkusativ'.	B1
150	sich richten	nach	+ Dat.	dat	to conform to / to be guided by / to depend on	"Der genaue Preis richtet sich <span class=""blank"">[ &hellip; ]</span> der gewünschten Ausstattung."	"Der genaue Preis richtet sich <span class=""highlight-prep"">nach</span> der gewünschten Ausstattung."	The exact price depends on the desired equipment.	Wonach? • Danach	• <b>richten + an + Akk.</b>: to address to / to direct toward (an audience)	Conforming or tailoring to criteria.	B1
151	schimpfen	über	+ Akk.	akk	to rant about / to grumble about	"Die Pendler schimpfen täglich <span class=""blank"">[ &hellip; ]</span> die unpünktlichen Züge."	"Die Pendler schimpfen täglich <span class=""highlight-prep"">über</span> die unpünktlichen Züge."	Commuters rant daily about the unpunctual trains.	Worüber? • Darüber / Über wen?	• <b>schimpfen + mit + Dat.</b>: to scold / to tell off (a person)	Venting frustration about a situation.	A2
152	schimpfen	mit	+ Dat.	dat	to scold / to tell off (a person)	"Die Mutter schimpfte <span class=""blank"">[ &hellip; ]</span> ihrem unartigen Sohn."	"Die Mutter schimpfte <span class=""highlight-prep"">mit</span> ihrem unartigen Sohn."	The mother scolded her naughty son.	Mit wem?	• <b>schimpfen + über + Akk.</b>: to rant about / to grumble about	Direct reprimand to a person.	A2
153	schließen	aus	+ Dat.	dat	to deduce from / to conclude from	"Aus diesen Befunden schließt der Ermittler <span class=""blank"">[ &hellip; ]</span> den genauen Tathergang."	"Aus diesen Befunden schließt der Ermittler <span class=""highlight-prep"">aus</span> den genauen Tathergang."	From these findings, the investigator deduces the exact sequence of events.	Woraus? • Daraus		Logical deduction based on evidence.	B1
154	sich sehnen	nach	+ Dat.	dat	to long for / to yearn for	"Im kalten und dunklen Winter sehnt er sich <span class=""blank"">[ &hellip; ]</span> Wärme und Licht."	"Im kalten und dunklen Winter sehnt er sich <span class=""highlight-prep"">nach</span> Wärme und Licht."	In the cold and dark winter, he yearns for warmth and light.	Wonach? • Danach / Nach wem?		Deep emotional longing. Always 'nach + Dativ'.	B1
155	siegen	über	+ Akk.	akk	to triumph over / to defeat	"Am Ende siegte die Gerechtigkeit <span class=""blank"">[ &hellip; ]</span> die Willkür."	"Am Ende siegte die Gerechtigkeit <span class=""highlight-prep"">über</span> die Willkür."	In the end, justice triumphed over arbitrariness.	Worüber? • Darüber / Über wen?		Victory over an adversary or difficulty.	B2
156	stimmen	gegen	+ Akk.	akk	to vote against	"Nur zwei Parteimitglieder stimmten <span class=""blank"">[ &hellip; ]</span> den Beschluss."	"Nur zwei Parteimitglieder stimmten <span class=""highlight-prep"">gegen</span> den Beschluss."	Only two party members voted against the resolution.	Wogegen? • Dagegen / Gegen wen?	• <b>stimmen + für + Akk.</b>: to vote in favor of	Democratic ballot/vote against.	B1
157	stimmen	für	+ Akk.	akk	to vote in favor of	"Die Abgeordneten stimmten mit großer Mehrheit <span class=""blank"">[ &hellip; ]</span> den Gesetzentwurf."	"Die Abgeordneten stimmten mit großer Mehrheit <span class=""highlight-prep"">für</span> den Gesetzentwurf."	The deputies voted by a large majority in favor of the bill.	Wofür? • Dafür / Für wen?	• <b>stimmen + gegen + Akk.</b>: to vote against	Democratic ballot/vote in favor.	B1
158	streiten	über	+ Akk.	akk	to argue / quarrel about (a topic)	"Die Politiker streiten leidenschaftlich <span class=""blank"">[ &hellip; ]</span> die richtige Steuerreform."	"Die Politiker streiten leidenschaftlich <span class=""highlight-prep"">über</span> die richtige Steuerreform."	The politicians are passionately arguing about the right tax reform.	Worüber? • Darüber	• <b>streiten + mit + Dat.</b>: to argue with (a person)<br>• <b>streiten + um + Akk.</b>: to dispute over / to contest (property, possession)	Topic of the dispute takes 'über + Akkusativ'.	A2
159	streiten	mit	+ Dat.	dat	to argue with (a person)	"Ich habe keine Lust, mich ständig <span class=""blank"">[ &hellip; ]</span> dir zu streiten."	"Ich habe keine Lust, mich ständig <span class=""highlight-prep"">mit</span> dir zu streiten."	I have no desire to constantly argue with you.	Mit wem?	• <b>streiten + über + Akk.</b>: to argue / quarrel about (a topic)<br>• <b>streiten + um + Akk.</b>: to dispute over / to contest (property, possession)	Opponent in the dispute takes 'mit + Dativ'.	A2
160	streiten	um	+ Akk.	akk	to dispute over / to contest (property, possession)	"Die zerstrittenen Geschwister streiten <span class=""blank"">[ &hellip; ]</span> das Erbe der Eltern."	"Die zerstrittenen Geschwister streiten <span class=""highlight-prep"">um</span> das Erbe der Eltern."	The estranged siblings are quarreling over the parents' inheritance.	Worum? • Darum	• <b>streiten + über + Akk.</b>: to argue / quarrel about (a topic)<br>• <b>streiten + mit + Dat.</b>: to argue with (a person)	Contesting ownership or control of an asset.	B1
161	taugen	zu	+ Dat.	dat	to be fit for / to be good for	"Dieses alte, stumpfe Messer taugt nicht mehr <span class=""blank"">[ &hellip; ]</span> Schneiden von Fleisch."	"Dieses alte, stumpfe Messer taugt nicht mehr <span class=""highlight-prep"">zu</span> Schneiden von Fleisch."	This old, blunt knife is no longer good for cutting meat.	Wozu? • Dazu		Suitability or utility: 'taugen zu + Dat'.	B2
162	überreden	zu	+ Dat.	dat	to persuade into / to talk someone into	"Sie überredete ihren Freund <span class=""blank"">[ &hellip; ]</span> einem gemeinsamen Tanzkurs."	"Sie überredete ihren Freund <span class=""highlight-prep"">zu</span> einem gemeinsamen Tanzkurs."	She talked her boyfriend into taking a dance course together.	Wozu? • Dazu		Formula: jemanden (Akk) zu etwas (Dat) überreden.	B1
163	urteilen	nach	+ Dat.	dat	to judge according to / by	"Man darf Personen niemals nur <span class=""blank"">[ &hellip; ]</span> ihrem äußeren Anschein beurteilen."	"Man darf Personen niemals nur <span class=""highlight-prep"">nach</span> ihrem äußeren Anschein beurteilen."	One must never judge persons solely by their outward appearance.	Wonach? • Danach	• <b>urteilen + über + Akk.</b>: to pass judgment on / to judge	The criteria or basis of judgment takes 'nach + Dativ'.	B2
164	urteilen	über	+ Akk.	akk	to pass judgment on / to judge	"Niemand sollte vorschnell <span class=""blank"">[ &hellip; ]</span> andere Menschen urteilen."	"Niemand sollte vorschnell <span class=""highlight-prep"">über</span> andere Menschen urteilen."	Nobody should judge other people hastily.	Worüber? • Darüber / Über wen?	• <b>urteilen + nach + Dat.</b>: to judge according to / by	Making an evaluation or moral assessment.	B2
165	verführen	zu	+ Dat.	dat	to entice / seduce into	"Die ständigen Sonderangebote verführten ihn <span class=""blank"">[ &hellip; ]</span> unnötigen Ausgaben."	"Die ständigen Sonderangebote verführten ihn <span class=""highlight-prep"">zu</span> unnötigen Ausgaben."	The constant special offers seduced him into unnecessary spending.	Wozu? • Dazu		Tempting someone to do something unwise or illicit.	B2
166	verhandeln	über	+ Akk.	akk	to negotiate about (wages, conditions)	"Die Gewerkschaft verhandelt derzeit <span class=""blank"">[ &hellip; ]</span> eine spürbare Lohnerhöhung."	"Die Gewerkschaft verhandelt derzeit <span class=""highlight-prep"">über</span> eine spürbare Lohnerhöhung."	The union is currently negotiating for a noticeable pay raise.	Worüber? • Darüber	• <b>verhandeln + mit + Dat.</b>: to negotiate with (a party, representative)	Negotiation topic takes 'über + Akkusativ'.	B1
167	verhandeln	mit	+ Dat.	dat	to negotiate with (a party, representative)	"Die Firmenleitung verhandelt direkt <span class=""blank"">[ &hellip; ]</span> dem Betriebsrat."	"Die Firmenleitung verhandelt direkt <span class=""highlight-prep"">mit</span> dem Betriebsrat."	Management is negotiating directly with the works council.	Mit wem?	• <b>verhandeln + über + Akk.</b>: to negotiate about (wages, conditions)	Negotiation partner takes 'mit + Dativ'.	B1
168	verlangen	nach	+ Dat.	dat	to crave / to call for / to yearn for	"Nach stundenlanger Wanderung in der Hitze verlangte sein Körper <span class=""blank"">[ &hellip; ]</span> kaltem Wasser."	"Nach stundenlanger Wanderung in der Hitze verlangte sein Körper <span class=""highlight-prep"">nach</span> kaltem Wasser."	After hours of hiking in the heat, his body craved cold water.	Wonach? • Danach / Nach wem?		Strong physical or psychological craving. Always 'nach + Dativ'.	B2
169	verstoßen	gegen	+ Akk.	akk	to violate / to offend against (laws, regulations)	"Dieses illegale Verhalten verstößt eindeutig <span class=""blank"">[ &hellip; ]</span> geltendes Recht."	"Dieses illegale Verhalten verstößt eindeutig <span class=""highlight-prep"">gegen</span> geltendes Recht."	This illegal behavior clearly violates applicable law.	Wogegen? • Dagegen		Breaching rules or ethical codes. Always 'gegen + Akkusativ'.	B2
170	sich vertiefen	in	+ Akk.	akk	to immerse oneself in / to become engrossed in	"Sie vertiefte sich völlig <span class=""blank"">[ &hellip; ]</span> das fesselnde Geschichtsbuch."	"Sie vertiefte sich völlig <span class=""highlight-prep"">in</span> das fesselnde Geschichtsbuch."	She immersed herself completely in the captivating history book.	Worin? • Darin		Total absorption in study or reading. Takes 'in + Akkusativ'.	B2
171	wählen	zu	+ Dat.	dat	to elect as / to choose as	"Die Mitglieder wählten sie einstimmig <span class=""blank"">[ &hellip; ]</span> neuen Vorsitzenden."	"Die Mitglieder wählten sie einstimmig <span class=""highlight-prep"">zu</span> neuen Vorsitzenden."	The members unanimously elected her as the new chairperson.	Wozu? • Dazu / Zu wem?		Formula: jemanden (Akk) zu etwas (Dat) wählen.	B1
172	sich wenden	gegen	+ Akk.	akk	to turn against / to oppose	"Die öffentliche Kritik wendet sich nun scharf <span class=""blank"">[ &hellip; ]</span> die Entscheidungsträger."	"Die öffentliche Kritik wendet sich nun scharf <span class=""highlight-prep"">gegen</span> die Entscheidungsträger."	Public criticism is now turning sharply against the decision-makers.	Wogegen? • Dagegen / Gegen wen?	• <b>sich wenden + an + Akk.</b>: to turn to / to consult / to contact	Taking an adversarial stance against someone/something.	B2
173	sich wenden	an	+ Akk.	akk	to turn to / to consult / to contact	"Bei rechtlichen Fragen sollten Sie sich sofort <span class=""blank"">[ &hellip; ]</span> einen Fachanwalt wenden."	"Bei rechtlichen Fragen sollten Sie sich sofort <span class=""highlight-prep"">an</span> einen Fachanwalt wenden."	For legal questions you should immediately turn to a specialist lawyer.	An wen?	• <b>sich wenden + gegen + Akk.</b>: to turn against / to oppose	Seeking assistance or counsel from someone.	B1
174	werben	für	+ Akk.	akk	to advertise / to promote / to campaign for	"Das Unternehmen wirbt intensiv <span class=""blank"">[ &hellip; ]</span> seine neue Produktlinie."	"Das Unternehmen wirbt intensiv <span class=""highlight-prep"">für</span> seine neue Produktlinie."	The company advertises intensively for its new product line.	Wofür? • Dafür	• <b>werben + um + Akk.</b>: to court / to solicit / to vie for	Commercial promotion or advocating an idea.	B1
175	werben	um	+ Akk.	akk	to court / to solicit / to vie for	"Internationale Universitäten werben eifrig <span class=""blank"">[ &hellip; ]</span> talentierte Nachwuchsforscher."	"Internationale Universitäten werben eifrig <span class=""highlight-prep"">um</span> talentierte Nachwuchsforscher."	International universities eagerly vie for talented young researchers.	Worum? • Darum / Um wen?	• <b>werben + für + Akk.</b>: to advertise / to promote / to campaign for	Wooing or courting favor/people.	B2
176	wirken	auf	+ Akk.	akk	to have an effect on / to make an impression on	"Die sanfte Melodie wirkt überaus beruhigend <span class=""blank"">[ &hellip; ]</span> gestresste Gemüter."	"Die sanfte Melodie wirkt überaus beruhigend <span class=""highlight-prep"">auf</span> gestresste Gemüter."	The gentle melody has an exceedingly calming effect on stressed minds.	Worauf? • Darauf / Auf wen?		Psychological or physical effect on someone.	B1
177	zählen	zu	+ Dat.	dat	to count among / to rank among	"Diese Entdeckung zählt zweifellos <span class=""blank"">[ &hellip; ]</span> den größten Meilensteinen der Medizin."	"Diese Entdeckung zählt zweifellos <span class=""highlight-prep"">zu</span> den größten Meilensteinen der Medizin."	This discovery undoubtedly counts among the greatest milestones in medicine.	Wozu? • Dazu	• <b>zählen + auf + Akk.</b>: to count on / to rely on	Category membership or prestige ranking.	B1
178	zählen	auf	+ Akk.	akk	to count on / to rely on	"In schwierigen Zeiten kann ich mich immer <span class=""blank"">[ &hellip; ]</span> meine treuen Freunde verlassen und auf sie zählen."	"In schwierigen Zeiten kann ich mich immer <span class=""highlight-prep"">auf</span> meine treuen Freunde verlassen und auf sie zählen."	In difficult times I can always count on my loyal friends.	Worauf? • Darauf / Auf wen?	• <b>zählen + zu + Dat.</b>: to count among / to rank among	Synonymous with 'sich verlassen auf + Akk'.	B1
179	zögern	mit	+ Dat.	dat	to hesitate with / to delay doing	"Bitte zögern Sie nicht <span class=""blank"">[ &hellip; ]</span> Ihrer Rückmeldung!"	"Bitte zögern Sie nicht <span class=""highlight-prep"">mit</span> Ihrer Rückmeldung!"	Please do not hesitate with your feedback!	Womit? • Damit		Polite business correspondence: 'Zögern Sie nicht mit...' or infinitive clause.	B1
180	zurückführen	auf	+ Akk.	akk	to attribute to / to trace back to	"Die Experten führen den Kursabsturz <span class=""blank"">[ &hellip; ]</span> weltweite Unsicherheiten zurück."	"Die Experten führen den Kursabsturz <span class=""highlight-prep"">auf</span> weltweite Unsicherheiten zurück."	The experts trace the price crash back to global uncertainties.	Worauf? • Darauf		Separable verb: 'etwas (Akk) zurückführen auf + Akk'. Causal attribution.	B2
181	ausmachen	mit	+ Dat.	dat	to agree on / to settle with (a person)	"Ich habe den genauen Liefertermin <span class=""blank"">[ &hellip; ]</span> dem Spediteur ausgemacht."	"Ich habe den genauen Liefertermin <span class=""highlight-prep"">mit</span> dem Spediteur ausgemacht."	I settled on the exact delivery date with the freight forwarder.	Mit wem?		Mutual agreement or arrangement.	B1
182	bürgen	für	+ Akk.	akk	to vouch for / to guarantee	"Der wohlhabende Onkel bürgt <span class=""blank"">[ &hellip; ]</span> den Bankkredit seines Neffen."	"Der wohlhabende Onkel bürgt <span class=""highlight-prep"">für</span> den Bankkredit seines Neffen."	The wealthy uncle vouches for his nephew's bank loan.	Wofür? • Dafür / Für wen?		Legal or personal guarantee.	B2
183	dienen	als	+ Nom.	nom	to serve as (a role or substitute)	"Das bequeme Sofa dient nachts <span class=""blank"">[ &hellip; ]</span> gemütliches Gästebett."	"Das bequeme Sofa dient nachts <span class=""highlight-prep"">als</span> gemütliches Gästebett."	The comfortable couch serves as a cozy guest bed at night.	Als was?	• <b>dienen + zu + Dat.</b>: to serve for / to be used for (purpose)	'Als' takes Nominative agreeing with the subject.	B1
184	dienen	zu	+ Dat.	dat	to serve for / to be used for (purpose)	"Dieses spezielle Werkzeug dient <span class=""blank"">[ &hellip; ]</span> schnellen Öffnen von Dosen."	"Dieses spezielle Werkzeug dient <span class=""highlight-prep"">zu</span> schnellen Öffnen von Dosen."	This special tool serves for opening cans quickly.	Wozu? • Dazu	• <b>dienen + als + Nom.</b>: to serve as (a role or substitute)	Designated functional purpose.	B1
185	sich eignen	für	+ Akk.	akk	to be suitable for (a target audience or role)	"Dieses spannende Buch eignet sich hervorragend <span class=""blank"">[ &hellip; ]</span> Sprachanfänger."	"Dieses spannende Buch eignet sich hervorragend <span class=""highlight-prep"">für</span> Sprachanfänger."	This exciting book is wonderfully suitable for language beginners.	Wofür? • Dafür / Für wen?	• <b>sich eignen + zu + Dat.</b>: to be suitable for (an action or function)	Target audience suitability.	B1
186	sich eignen	zu	+ Dat.	dat	to be suitable for (an action or function)	"Das robuste Holz eignet sich bestens <span class=""blank"">[ &hellip; ]</span> Bau von Gartenmöbeln."	"Das robuste Holz eignet sich bestens <span class=""highlight-prep"">zu</span> Bau von Gartenmöbeln."	The sturdy wood is best suited for building garden furniture.	Wozu? • Dazu	• <b>sich eignen + für + Akk.</b>: to be suitable for (a target audience or role)	Task or utility suitability (often nominalized verbs: zum Kochen, zum Bau).	B1
187	sich ekeln	vor	+ Dat.	dat	to be disgusted by / repulsed by	"Er ekelt sich furchtbar <span class=""blank"">[ &hellip; ]</span> kriechenden Würmern."	"Er ekelt sich furchtbar <span class=""highlight-prep"">vor</span> kriechenden Würmern."	He is terribly disgusted by crawling worms.	Wovor? • Davor		Always 'vor + Dativ'.	B2
188	feilschen	um	+ Akk.	akk	to haggle / bargain over	"Auf dem bunten Trödelmarkt feilscht man gern <span class=""blank"">[ &hellip; ]</span> jeden einzelnen Euro."	"Auf dem bunten Trödelmarkt feilscht man gern <span class=""highlight-prep"">um</span> jeden einzelnen Euro."	At the colorful flea market, people gladly haggle over every single euro.	Worum? • Darum		Price negotiation. Takes 'um + Akkusativ'.	B2
189	fliehen	vor	+ Dat.	dat	to flee from / to escape from	"Tausende Menschen flohen <span class=""blank"">[ &hellip; ]</span> den verheerenden Flammen des Waldbrands."	"Tausende Menschen flohen <span class=""highlight-prep"">vor</span> den verheerenden Flammen des Waldbrands."	Thousands of people fled from the devastating flames of the wildfire.	Wovor? • Davor / Vor wem?		Escape from danger: 'vor + Dativ'.	B1
190	geraten	in	+ Akk.	akk	to get into / to fall into (trouble, panic, danger)	"Das Unternehmen geriet durch Fehlinvestitionen <span class=""blank"">[ &hellip; ]</span> große finanzielle Not."	"Das Unternehmen geriet durch Fehlinvestitionen <span class=""highlight-prep"">in</span> große finanzielle Not."	The company got into great financial distress through bad investments.	Worin? • Darin		Unintentionally entering a difficult state (in Panik geraten, in Wut geraten). Takes Akkusativ.	B2
191	hindern	an	+ Dat.	dat	to prevent from / to hinder from	"Starker Nebel hinderte die Piloten <span class=""blank"">[ &hellip; ]</span> einem sicheren Landeanflug."	"Starker Nebel hinderte die Piloten <span class=""highlight-prep"">an</span> einem sicheren Landeanflug."	Heavy fog prevented the pilots from a safe landing approach.	Woran? • Daran		Formula: jemanden (Akk) an etwas (Dat) hindern.	B1
192	sich schämen	vor	+ Dat.	dat	to be ashamed in front of (a person)	"Das Mädchen schämte sich <span class=""blank"">[ &hellip; ]</span> den fremden Gästen und versteckte sich."	"Das Mädchen schämte sich <span class=""highlight-prep"">vor</span> den fremden Gästen und versteckte sich."	The girl was ashamed in front of the unfamiliar guests and hid.	Vor wem?	• <b>sich schämen + für + Akk.</b>: to be ashamed of (an action or behavior)	Person in whose presence one feels ashamed takes 'vor + Dativ'.	B1
193	sich schämen	für	+ Akk.	akk	to be ashamed of (an action or behavior)	"Er schämte sich zutiefst <span class=""blank"">[ &hellip; ]</span> seine ungehobelten Worte."	"Er schämte sich zutiefst <span class=""highlight-prep"">für</span> seine ungehobelten Worte."	He was deeply ashamed of his rude words.	Wofür? • Dafür	• <b>sich schämen + vor + Dat.</b>: to be ashamed in front of (a person)	Reason for shame takes 'für + Akkusativ'.	B1
194	beruhen	auf	+ Dat.	dat	to be based on / to rest upon (facts, principles)	"Die wissenschaftliche These beruht <span class=""blank"">[ &hellip; ]</span> verlässlichen Experimenten."	"Die wissenschaftliche These beruht <span class=""highlight-prep"">auf</span> verlässlichen Experimenten."	The scientific thesis is based on reliable experiments.	Worauf? • Darauf		Takes Dativ (unlike 'hoffen auf' or 'warten auf'!). Formal and academic.	B2
195	basieren	auf	+ Dat.	dat	to be based on	"Der erfolgreiche Film basiert <span class=""blank"">[ &hellip; ]</span> einer wahren Begebenheit."	"Der erfolgreiche Film basiert <span class=""highlight-prep"">auf</span> einer wahren Begebenheit."	The successful movie is based on a true story.	Worauf? • Darauf		Takes Dativ ('auf + Dat'). Very common in journalism and academia.	B1
196	anknüpfen	an	+ Akk.	akk	to tie in with / to build upon (earlier progress/ideas)	"Wir möchten heute direkt <span class=""blank"">[ &hellip; ]</span> die Diskussion der letzten Woche anknüpfen."	"Wir möchten heute direkt <span class=""highlight-prep"">an</span> die Diskussion der letzten Woche anknüpfen."	Today we would like to tie directly into last week's discussion.	Woran? • Daran		Separable verb: an|knüpfen an + Akk.	B2
197	abstimmen	auf	+ Akk.	akk	to coordinate / tune / tailor to	"Das Vier-Gänge-Menü ist exakt <span class=""blank"">[ &hellip; ]</span> die erlesenen Weine abgestimmt."	"Das Vier-Gänge-Menü ist exakt <span class=""highlight-prep"">auf</span> die erlesenen Weine abgestimmt."	The four-course menu is precisely matched to the exquisite wines.	Worauf? • Darauf	• <b>abstimmen + über + Akk.</b>: to vote on (a motion or proposal)	Harmonizing or tailoring one element to another.	B2
198	abstimmen	über	+ Akk.	akk	to vote on (a motion or proposal)	"Die Vereinsmitglieder stimmen heute <span class=""blank"">[ &hellip; ]</span> den neuen Mitgliedsbeitrag ab."	"Die Vereinsmitglieder stimmen heute <span class=""highlight-prep"">über</span> den neuen Mitgliedsbeitrag ab."	The club members are voting today on the new membership fee.	Worüber? • Darüber	• <b>abstimmen + auf + Akk.</b>: to coordinate / tune / tailor to	Voting procedure.	B1
199	anregen	zu	+ Dat.	dat	to stimulate / prompt / inspire to	"Das nachdenkliche Theaterstück regte die Zuschauer <span class=""blank"">[ &hellip; ]</span> langen Diskussionen an."	"Das nachdenkliche Theaterstück regte die Zuschauer <span class=""highlight-prep"">zu</span> langen Diskussionen an."	The thoughtful play stimulated the audience to long discussions.	Wozu? • Dazu		Incentivizing thought or action (anregen zum Nachdenken).	B2
200	auffordern	zu	+ Dat.	dat	to call upon / urge / request someone to	"Die Flugbegleiterin forderte die Passagiere <span class=""blank"">[ &hellip; ]</span> Anschnallen auf."	"Die Flugbegleiterin forderte die Passagiere <span class=""highlight-prep"">zu</span> Anschnallen auf."	The flight attendant called upon passengers to fasten their seatbelts.	Wozu? • Dazu		Formula: jemanden (Akk) zu etwas (Dat) auffordern.	B1
201	beharren	auf	+ Dat.	dat	to persist in / to stubbornly insist on	"Er beharrte stur <span class=""blank"">[ &hellip; ]</span> seiner einmal gefassten Meinung."	"Er beharrte stur <span class=""highlight-prep"">auf</span> seiner einmal gefassten Meinung."	He stubbornly persisted in his once-formed opinion.	Worauf? • Darauf		Takes Dativ ('auf + Dat'). Connotes obstinacy or unwavering persistence.	B2
202	beneiden	um	+ Akk.	akk	to envy for	"Viele seiner Kollegen beneiden ihn <span class=""blank"">[ &hellip; ]</span> seine beneidenswerte Gelassenheit."	"Viele seiner Kollegen beneiden ihn <span class=""highlight-prep"">um</span> seine beneidenswerte Gelassenheit."	Many of his colleagues envy him for his enviable serenity.	Worum? • Darum / Um wen?		Formula: jemanden (Akk) um etwas (Akk) beneiden.	B2
203	drängen	auf	+ Akk.	akk	to press for / to urge (a quick decision or action)	"Die Kunden drängen ungeduldig <span class=""blank"">[ &hellip; ]</span> eine rasche Behebung der Störung."	"Die Kunden drängen ungeduldig <span class=""highlight-prep"">auf</span> eine rasche Behebung der Störung."	The customers are impatiently pressing for a prompt resolution to the outage.	Worauf? • Darauf		Urgency and pressure. Takes 'auf + Akkusativ'.	B2
204	wetteifern	um	+ Akk.	akk	to compete for / to vie for	"Die begabten Athleten wetteifern ehrgeizig <span class=""blank"">[ &hellip; ]</span> den ersten Platz."	"Die begabten Athleten wetteifern ehrgeizig <span class=""highlight-prep"">um</span> den ersten Platz."	The talented athletes ambitiously vie for first place.	Worum? • Darum		Elevated vocabulary for fierce competition over an accolade.	C1
205	zulassen	zu	+ Dat.	dat	to admit to / to qualify for (an exam or study program)	"Nach Prüfung der Unterlagen wurde sie <span class=""blank"">[ &hellip; ]</span> den Staatsprüfungen zugelassen."	"Nach Prüfung der Unterlagen wurde sie <span class=""highlight-prep"">zu</span> den Staatsprüfungen zugelassen."	After reviewing the documents, she was admitted to the state examinations.	Wozu? • Dazu		Official admission or licensing.	B2
206	zurückschrecken	vor	+ Dat.	dat	to shrink back from / to recoil from (a danger or obstacle)	"Ein entschlossener Bergsteiger schreckt nicht <span class=""blank"">[ &hellip; ]</span> großen Gefahren zurück."	"Ein entschlossener Bergsteiger schreckt nicht <span class=""highlight-prep"">vor</span> großen Gefahren zurück."	A determined mountaineer does not shrink back from great dangers.	Wovor? • Davor		Hesitating or shrinking from daunting tasks.	B2
207	abhalten	von	+ Dat.	dat	to keep from / to deter from	"Nichts auf der Welt konnte ihn <span class=""blank"">[ &hellip; ]</span> seinen ehrgeizigen Plänen abhalten."	"Nichts auf der Welt konnte ihn <span class=""highlight-prep"">von</span> seinen ehrgeizigen Plänen abhalten."	Nothing in the world could deter him from his ambitious plans.	Wovon? • Davon		Formula: jemanden (Akk) von etwas (Dat) abhalten.	B2
208	aufrufen	zu	+ Dat.	dat	to call for / to appeal for (action, donations)	"Der Bürgermeister rief die Bürger <span class=""blank"">[ &hellip; ]</span> gegenseitiger Solidarität auf."	"Der Bürgermeister rief die Bürger <span class=""highlight-prep"">zu</span> gegenseitiger Solidarität auf."	The mayor appealed to citizens for mutual solidarity.	Wozu? • Dazu		Public appeal or mobilization.	B1
209	sich berufen	auf	+ Akk.	akk	to invoke / to appeal to / to cite (a law, right, statement)	"Der Angeklagte berief sich vor Gericht <span class=""blank"">[ &hellip; ]</span> sein Recht zu schweigen."	"Der Angeklagte berief sich vor Gericht <span class=""highlight-prep"">auf</span> sein Recht zu schweigen."	The defendant invoked his right to remain silent in court.	Worauf? • Darauf		Legal or formal citation of authority or rights. Takes Akkusativ.	B2
210	sich einmischen	in	+ Akk.	akk	to interfere in / to meddle in	"Bitte mische dich nicht ungefragt <span class=""blank"">[ &hellip; ]</span> meine privaten Angelegenheiten ein!"	"Bitte mische dich nicht ungefragt <span class=""highlight-prep"">in</span> meine privaten Angelegenheiten ein!"	Please do not meddle unasked in my private affairs!	Worin? • Darin		Separable reflexive verb: sich ein|mischen in + Akk.	B1
211	greifen	nach	+ Dat.	dat	to reach for / to grasp at	"Das Kleinkind griff neugierig <span class=""blank"">[ &hellip; ]</span> der glänzenden Tasse."	"Das Kleinkind griff neugierig <span class=""highlight-prep"">nach</span> der glänzenden Tasse."	The toddler curiously reached for the shiny mug.	Wonach? • Danach	• <b>greifen + zu + Dat.</b>: to resort to / to reach for (measures, remedies)	Physical reach towards an object.	B1
212	greifen	zu	+ Dat.	dat	to resort to / to reach for (measures, remedies)	"In seiner Verzweiflung griff er <span class=""blank"">[ &hellip; ]</span> unkonventionellen Mitteln."	"In seiner Verzweiflung griff er <span class=""highlight-prep"">zu</span> unkonventionellen Mitteln."	In his desperation, he resorted to unconventional means.	Wozu? • Dazu	• <b>greifen + nach + Dat.</b>: to reach for / to grasp at	Choosing a remedy or extreme measure.	B2
213	haften	für	+ Akk.	akk	to be liable for / to be responsible for	"Eltern haften bekanntlich <span class=""blank"">[ &hellip; ]</span> die Schäden ihrer minderjährigen Kinder."	"Eltern haften bekanntlich <span class=""highlight-prep"">für</span> die Schäden ihrer minderjährigen Kinder."	Parents are famously liable for the damages of their minor children.	Wofür? • Dafür		Classic legal warning phrase in Germany ('Eltern haften für ihre Kinder').	B1
214	neigen	zu	+ Dat.	dat	to tend to / to have an inclination toward	"Unter starkem Stress neigt er leider <span class=""blank"">[ &hellip; ]</span> voreiligen Kurzschlusshandlungen."	"Unter starkem Stress neigt er leider <span class=""highlight-prep"">zu</span> voreiligen Kurzschlusshandlungen."	Under severe stress he unfortunately tends toward hasty rash actions.	Wozu? • Dazu		Disposition or behavioral tendency.	B2
215	schwärmen	für	+ Akk.	akk	to have a crush on / to be fond of / to adore	"Als Teenager schwärmte sie heimlich <span class=""blank"">[ &hellip; ]</span> einen berühmten Popstar."	"Als Teenager schwärmte sie heimlich <span class=""highlight-prep"">für</span> einen berühmten Popstar."	As a teenager, she secretly had a crush on a famous pop star.	Für wen? / Wofür?	• <b>schwärmen + von + Dat.</b>: to rave about / to swoon over	Romantic infatuation or fandom.	B1
216	schwärmen	von	+ Dat.	dat	to rave about / to swoon over	"Sie schwärmt unaufhörlich <span class=""blank"">[ &hellip; ]</span> den kulinarischen Genüssen in Rom."	"Sie schwärmt unaufhörlich <span class=""highlight-prep"">von</span> den kulinarischen Genüssen in Rom."	She raves incessantly about the culinary delights in Rome.	Wovon? • Davon	• <b>schwärmen + für + Akk.</b>: to have a crush on / to be fond of / to adore	Enthusiastic praise or recounting.	B1
217	übergehen	zu	+ Dat.	dat	to pass on to / to transition to (the next agenda item)	"Lassen Sie uns nun <span class=""blank"">[ &hellip; ]</span> dem nächsten Tagesordnungspunkt übergehen."	"Lassen Sie uns nun <span class=""highlight-prep"">zu</span> dem nächsten Tagesordnungspunkt übergehen."	Let us now transition to the next agenda item.	Wozu? • Dazu		Separable verb: 'über|gehen zu + Dat' in meetings and presentations.	B2
218	verleiten	zu	+ Dat.	dat	to entice / mislead / induce into	"Schlechte Vorbilder verleiteten den Jungen <span class=""blank"">[ &hellip; ]</span> gefährlichen Mutproben."	"Schlechte Vorbilder verleiteten den Jungen <span class=""highlight-prep"">zu</span> gefährlichen Mutproben."	Bad role models enticed the boy into dangerous tests of courage.	Wozu? • Dazu		Formula: jemanden (Akk) zu etwas (Dat) verleiten.	B2
