Rank,Category,Word,Preposition,Case,Meaning_EN,Example_German,Example_English,Question_Form,Level,Grammar_Notes
A-001,Adjective,unzufrieden,mit,+ Dat.,dissatisfied with / unhappy with,Viele Kunden sind unzufrieden mit dem langsamen Service.,Many customers are dissatisfied with the slow service.,Womit? • Damit / Mit wem?,A2,Antonym of 'zufrieden mit'. Takes 'mit + Dativ'.
A-002,Adjective,zufrieden,mit,+ Dat.,satisfied with / content with,Der Chef ist sehr zufrieden mit deinen guten Arbeitsergebnissen.,The boss is very satisfied with your good work results.,Womit? • Damit / Mit wem?,A1,Always takes 'mit + Dativ'. Essential everyday expression.
A-003,Adjective,stolz,auf,+ Akk.,proud of,Die Eltern sind unheimlich stolz auf ihre fleißige Tochter.,The parents are incredibly proud of their hardworking daughter.,Worauf? • Darauf / Auf wen?,A2,Always takes 'auf + Akkusativ'. Never 'von'!
A-004,Adjective,wichtig,für,+ Akk.,important for / to,Ausreichend Schlaf ist enorm wichtig für die Konzentration.,Sufficient sleep is enormously important for concentration.,Wofür? • Dafür / Für wen?,A1,Takes 'für + Akkusativ' (or a plain Dativ pronoun: 'Das ist mir wichtig').
A-005,Adjective,interessiert,an,+ Dat.,interested in,Sind Sie an einem unverbindlichen Beratungsgespräch interessiert?,Are you interested in a non-binding consultation?,Woran? • Daran,A2,ATTENTION: 'interessiert sein an + Dativ' vs. the verb 'sich interessieren für + Akkusativ'!
A-006,Adjective,dankbar,für,+ Akk.,grateful for / thankful for,Ich bin dir unendlich dankbar für deine uneigennützige Hilfe.,I am endlessly grateful to you for your unselfish help.,Wofür? • Dafür,A2,Formula: jemandem (Dat) für etwas (Akk) dankbar sein.
A-007,Adjective,böse,auf,+ Akk.,angry with / mad at (a PERSON),Bist du immer noch böse auf deinen kleinen Bruder?,Are you still mad at your little brother?,Auf wen?,A2,Directed at a person: 'auf + Akkusativ'.
A-008,Adjective,böse,über,+ Akk.,upset about / angry about (a SITUATION or outcome),Er war sehr böse über die unnötige Niederlage im Spiel.,He was very upset about the unnecessary defeat in the game.,Worüber? • Darüber,A2,Directed at a circumstance: 'über + Akkusativ'.
A-009,Adjective,wütend,über,+ Akk.,furious about (a MATTER or situation),Die Bürger sind wütend über die erneute Erhöhung der Ticketpreise.,Citizens are furious about the renewed increase in ticket prices.,Worüber? • Darüber,A2,Furious about an issue/event: 'über + Akkusativ'.
A-010,Adjective,wütend,auf,+ Akk.,furious at / enraged with (a PERSON),Sie ist furchtbar wütend auf ihren unzuverlässigen Nachbarn.,She is terribly furious at her unreliable neighbor.,Auf wen?,A2,Furious at an individual: 'auf + Akkusativ'.
A-011,Adjective,froh,über,+ Akk.,glad about / happy about,Wir sind alle sehr froh über die erfreulichen Nachrichten.,We are all very glad about the pleasing news.,Worüber? • Darüber,A1,Always takes 'über + Akkusativ'.
A-012,Adjective,glücklich,über,+ Akk.,happy about / delighted with,Sie ist überglücklich über das bestandene Vorstellungsgespräch.,She is overjoyed about the passed job interview.,Worüber? • Darüber,A1,Takes 'über + Akkusativ'.
A-013,Adjective,traurig,über,+ Akk.,sad about,Das Kind war untröstlich und traurig über den Verlust des Spielzeugs.,The child was inconsolable and sad about the loss of the toy.,Worüber? • Darüber,A1,Always 'über + Akkusativ'.
A-014,Adjective,fertig,mit,+ Dat.,finished with / done with,Bist du schon fertig mit deinen Hausaufgaben?,Are you already finished with your homework?,Womit? • Damit / Mit wem?,A1,Completion of a task or parting with someone ('Ich bin fertig mit ihm').
A-015,Adjective,verliebt,in,+ Akk.,in love with,Romeo war unsterblich in Julia verliebt.,Romeo was hopelessly in love with Juliet.,In wen?,A1,Always takes 'in + Akkusativ'. Never 'mit'!
A-016,Adjective,verheiratet,mit,+ Dat.,married to,Mein Onkel ist seit über dreißig Jahren mit einer Ärztin verheiratet.,My uncle has been married to a doctor for over thirty years.,Mit wem?,A1,Always takes 'mit + Dativ' (in German you are married 'with' someone).
A-017,Adjective,befreundet,mit,+ Dat.,friends with,Sie ist seit der Schulzeit eng mit meiner Schwester befreundet.,She has been close friends with my sister since school days.,Mit wem?,A2,Always takes 'mit + Dativ'.
A-018,Adjective,verwandt,mit,+ Dat.,related to,Ist er eigentlich über drei Ecken mit dir verwandt?,Is he actually distantly related to you?,Mit wem?,A2,Biological or familial relationship: 'mit + Dativ'.
A-019,Adjective,abhängig,von,+ Dat.,dependent on,Unsere Pläne sind völlig abhängig von der aktuellen Wetterlage.,Our plans are completely dependent on the current weather situation.,Wovon? • Davon / Von wem?,A2,Derived from 'abhängen von + Dat'.
A-020,Adjective,unabhängig,von,+ Dat.,independent of / regardless of,"Das Gesetz gilt für alle Bürger, ganz unabhängig von ihrem Einkommen.","The law applies to all citizens, quite independent of their income.",Wovon? • Davon,B1,Takes 'von + Dativ'. Frequently used as an adverb ('unabhängig davon').
A-021,Adjective,angewiesen,auf,+ Akk.,reliant on / dependent upon,Ohne Auto ist man auf dem Lande auf öffentliche Verkehrsmittel angewiesen.,"Without a car, one is reliant on public transport in the countryside.",Worauf? • Darauf / Auf wen?,B1,Strong dependency/need. Always 'auf + Akkusativ'.
A-022,Adjective,bereit,für,+ Akk.,"ready for (an upcoming event, journey, or challenge)",Bist du schon startklar und bereit für die große Reise?,Are you already set and ready for the big journey?,Wofür? • Dafür,A2,Preparedness for an event: 'für + Akkusativ'.
A-023,Adjective,bereit,zu,+ Dat.,ready for / willing to do (an action or compromise),Beide Parteien waren erfreulicherweise zu einem Kompromiss bereit.,"Fortunately, both parties were ready for a compromise.",Wozu? • Dazu,A2,Willingness to take an action: 'zu + Dativ'.
A-024,Adjective,bekannt,bei,+ Dat.,known among / well-known to (a group of people),Der junge Autor ist vor allem bei jugendlichen Lesern bekannt.,The young author is particularly well-known among teenage readers.,Bei wem?,B1,Audience or circle of familiarity: 'bei + Dativ'.
A-025,Adjective,bekannt,für,+ Akk.,"known for / famous for (a quality, product, or feature)",München ist weltweit bekannt für das berühmte Oktoberfest.,Munich is known worldwide for the famous Oktoberfest.,Wofür? • Dafür,A2,Feature or hallmark: 'für + Akkusativ'.
A-026,Adjective,beliebt,bei,+ Dat.,popular with / liked by,Die freundliche Lehrerin ist überaus beliebt bei ihren Schülern.,The friendly teacher is extremely popular with her students.,Bei wem?,A2,The demographic or group takes 'bei + Dativ'.
A-027,Adjective,begeistert,von,+ Dat.,enthusiastic about / thrilled by,Das Publikum war restlos begeistert von der grandiosen Aufführung.,The audience was utterly thrilled by the magnificent performance.,Wovon? • Davon / Von wem?,A2,Takes 'von + Dativ'. Expresses immense admiration.
A-028,Adjective,berühmt,für,+ Akk.,famous for,Die Schweiz ist weltberühmt für ihre feine Schokolade und Uhren.,Switzerland is world-famous for its fine chocolate and watches.,Wofür? • Dafür,A2,Synonym to 'bekannt für + Akk'.
A-029,Adjective,beschäftigt,mit,+ Dat.,busy with / occupied with,Er ist momentan vollauf mit den Vorbereitungen für die Messe beschäftigt.,He is currently fully occupied with preparations for the trade fair.,Womit? • Damit,A2,Derived from 'sich beschäftigen mit + Dat'.
A-030,Adjective,beteiligt,an,+ Dat.,involved in / participant in,Mehrere renommierte Firmen sind an dem Großprojekt beteiligt.,Several renowned companies are involved in the major project.,Woran? • Daran / An wem?,B1,Participation or partnership takes 'an + Dativ'.
A-031,Adjective,eifersüchtig,auf,+ Akk.,jealous of (in a relationship or affection),"Er ist grundlos eifersüchtig auf jeden Mann, der sie anlächelt.",He is groundlessly jealous of every man who smiles at her.,Auf wen? / Worauf?,B1,Romantic or personal jealousy: 'auf + Akkusativ'.
A-032,Adjective,neidisch,auf,+ Akk.,"envious of (possessions, success, status)",Niemand sollte neidisch auf den plötzlichen Erfolg anderer sein.,Nobody should be envious of other people's sudden success.,Worauf? • Darauf / Auf wen?,B1,Material or professional envy: 'auf + Akkusativ'.
A-033,Adjective,einverstanden,mit,+ Dat.,in agreement with / agreed to,Bist du mit dieser vorgeschlagenen Regelung einverstanden?,Are you in agreement with this proposed regulation?,Womit? • Damit,A2,Formula: mit etwas (Dat) einverstanden sein.
A-034,Adjective,enttäuscht,über,+ Akk.,"disappointed about (an EVENT, outcome, or fact)",Sie war bitter enttäuscht über das schlechte Prüfungsergebnis.,She was bitterly disappointed about the poor exam result.,Worüber? • Darüber,B1,Disappointment about a circumstance: 'über + Akkusativ'.
A-035,Adjective,enttäuscht,von,+ Dat.,disappointed in / by (a PERSON or their performance),Der Trainer war zutiefst enttäuscht von der lustlosen Mannschaft.,The coach was deeply disappointed in the listless team.,Von wem? / Wovon?,B1,Disappointment in a person: 'von + Dativ'.
A-036,Adjective,entschlossen,zu,+ Dat.,determined to / resolved upon,Die Regierung ist fest zu durchgreifenden Reformen entschlossen.,The government is firmly resolved upon radical reforms.,Wozu? • Dazu,B1,Takes 'zu + Dativ'. Firm resolution.
A-037,Adjective,erstaunt,über,+ Akk.,astonished at / amazed by,Wir waren sehr erstaunt über seine perfekten Deutschkenntnisse.,We were very astonished at his perfect German skills.,Worüber? • Darüber,B1,Takes 'über + Akkusativ'.
A-038,Adjective,fähig,zu,+ Dat.,capable of,In einer Krise ist der Mensch oft zu ungeahnten Leistungen fähig.,"In a crisis, a person is often capable of unexpected achievements.",Wozu? • Dazu,B1,Always takes 'zu + Dativ'.
A-039,Adjective,frei,von,+ Dat.,free from / free of,Dieses Produkt ist garantiert frei von künstlichen Konservierungsstoffen.,This product is guaranteed free of artificial preservatives.,Wovon? • Davon,B1,Absence of unwanted substances or burdens.
A-040,Adjective,freundlich,zu,+ Dat.,friendly to / kind towards,Das Hotelpersonal war zu jeder Zeit überaus freundlich zu den Gästen.,The hotel staff was extremely friendly to guests at all times.,Zu wem?,A2,Takes 'zu + Dativ' (less commonly: 'gegenüber + Dat').
A-041,Adjective,höflich,zu,+ Dat.,polite to / courteous towards,Ein Kellner sollte stets höflich zu allen Kunden sein.,A waiter should always be polite to all customers.,Zu wem?,A2,Takes 'zu + Dativ'.
A-042,Adjective,streng,zu,+ Dat.,strict with / stern towards,Manche Eltern sind viel zu streng zu ihren heranwachsenden Kindern.,Some parents are far too strict with their adolescent children.,Zu wem?,B1,Takes 'zu + Dativ'.
A-043,Adjective,geeignet,für,+ Akk.,suitable for (a target group or purpose),Diese Software ist besonders gut für kleine und mittlere Betriebe geeignet.,This software is particularly well suited for small and medium-sized businesses.,Wofür? • Dafür / Für wen?,B1,Takes 'für + Akkusativ'.
A-044,Adjective,gespannt,auf,+ Akk.,eager to see / in suspense about / curious about (a future outcome),Ich bin schon unheimlich gespannt auf das morgige Endspiel!,I am already incredibly curious/eager about tomorrow's final game!,Worauf? • Darauf,A2,Anticipating a revelation or outcome. Always 'auf + Akkusativ'.
A-045,Adjective,gewöhnt,an,+ Akk.,used to / accustomed to,Als Skandinavier ist er an eisige Winter gewöhnt.,"As a Scandinavian, he is used to freezing winters.",Woran? • Daran / An wen?,B1,State of being accustomed: 'an + Akkusativ'.
A-046,Adjective,gut,in,+ Dat.,"good at (a subject, discipline, or sport)",Schon als Schüler war er außergewöhnlich gut in Mathematik.,Even as a pupil he was exceptionally good at mathematics.,Worin? • Darin,A1,Proficiency in a field takes 'in + Dativ'.
A-047,Adjective,gut,zu,+ Dat.,kind to / good to (a person),Er war während der schweren Zeit immer gut zu mir.,He was always kind to me during the difficult time.,Zu wem?,A2,Interpersonal treatment: 'zu + Dativ'.
A-048,Adjective,schlecht,in,+ Dat.,bad at / poor in (a subject or skill),Leider bin ich ziemlich schlecht in Auswendiglernen von Jahreszahlen.,"Unfortunately, I am rather bad at memorizing dates.",Worin? • Darin,A2,Opposite of 'gut in + Dat'.
A-049,Adjective,neugierig,auf,+ Akk.,curious about,Die Kinder waren furchtbar neugierig auf die eingepackten Geschenke.,The children were terribly curious about the wrapped gifts.,Worauf? • Darauf / Auf wen?,A2,Always takes 'auf + Akkusativ'.
A-050,Adjective,nützlich,für,+ Akk.,useful for,Diese praktischen Tipps sind besonders nützlich für Sprachanfänger.,These practical tips are particularly useful for language beginners.,Wofür? • Dafür / Für wen?,B1,Utility takes 'für + Akkusativ'.
A-051,Adjective,offen,für,+ Akk.,"open to (new ideas, suggestions)",Unsere Abteilung ist jederzeit offen für innovative Vorschläge.,Our department is always open to innovative suggestions.,Wofür? • Dafür,B1,Receptivity to suggestions: 'für + Akkusativ'.
A-052,Adjective,reich,an,+ Dat.,"rich in (vitamins, nutrients, minerals)",Frische Beeren sind besonders reich an wertvollen Vitaminen.,Fresh berries are particularly rich in valuable vitamins.,Woran? • Daran,B1,Abundance of a resource takes 'an + Dativ'.
A-053,Adjective,arm,an,+ Dat.,poor in / low in,Diese karge Wüstenregion ist extrem arm an Wasser und Vegetation.,This barren desert region is extremely poor in water and vegetation.,Woran? • Daran,B1,Opposite of 'reich an + Dat'.
A-054,Adjective,schädlich,für,+ Akk.,harmful to / damaging to,Plastikmüll im Meer ist extrem schädlich für die Tierwelt.,Plastic waste in the ocean is extremely harmful to wildlife.,Wofür? • Dafür,B1,Takes 'für + Akkusativ'.
A-055,Adjective,schuld,an,+ Dat.,to blame for / at fault for,Niemand von uns ist schuld an diesem unglücklichen Unfall.,None of us is to blame for this unfortunate accident.,Woran? • Daran / An wem?,A2,Uninflected predicate adjective: 'schuld sein an + Dativ'.
A-056,Adjective,typisch,für,+ Akk.,typical of,Diese typische Gastfreundschaft ist bezeichnend für die Region.,This typical hospitality is characteristic of the region.,Wofür? • Dafür,A2,Always 'für + Akkusativ'.
A-057,Adjective,überzeugt,von,+ Dat.,convinced of,Ich bin felsenfest von der Richtigkeit dieser Maßnahme überzeugt.,I am rock-solidly convinced of the correctness of this measure.,Wovon? • Davon / Von wem?,B1,Derived from 'überzeugen von + Dat'.
A-058,Adjective,verantwortlich,für,+ Akk.,responsible for,Wer ist in Ihrer Abteilung verantwortlich für die IT-Sicherheit?,Who in your department is responsible for IT security?,Wofür? • Dafür / Für wen?,B1,Duty or liability takes 'für + Akkusativ'.
A-059,Adjective,zuständig,für,+ Akk.,in charge of / responsible for (an administrative duty),Frau Müller ist für die Bearbeitung aller Visa-Anträge zuständig.,Ms. Müller is in charge of processing all visa applications.,Wofür? • Dafür,B1,Official or bureaucratic competence.
A-060,Adjective,verrückt,nach,+ Dat.,crazy about / mad about,Die Kinder sind förmlich verrückt nach italienischem Schokoladeneis.,The children are positively crazy about Italian chocolate ice cream.,Wonach? • Danach / Nach wem?,A2,Obsessive liking: 'nach + Dativ'.
A-061,Adjective,besorgt,über,+ Akk.,concerned about / perturbed by (a political/economic situation),Die Ökonomen sind besorgt über die steigende Inflation.,The economists are concerned about rising inflation.,Worüber? • Darüber,B1,Concern regarding broader public issues: 'über + Akkusativ'.
A-062,Adjective,besorgt,um,+ Akk.,"worried about (someone's safety, health, or welfare)",Die Mutter war sehr besorgt um die Gesundheit ihres kranken Sohnes.,The mother was very worried about the health of her sick son.,Worum? • Darum / Um wen?,B1,Worry about personal well-being or safety: 'um + Akkusativ'.
A-063,Adjective,skeptisch,gegenüber,+ Dat.,skeptical towards / about,Die Anleger stehen dem neuen Finanzplan skeptisch gegenüberüber.,Investors are skeptical towards the new financial plan.,Worüber? / Gegenüber wem?,B2,Postposition/preposition 'gegenüber' always takes Dativ.
A-064,Adjective,aufgeschlossen,gegenüber,+ Dat.,open-minded towards / receptive to,Sie zeigt sich sehr aufgeschlossen gegenüber fremden Kulturen gegenüber.,She shows herself to be very open-minded towards foreign cultures.,Gegenüber wem?,B2,Attitude towards others/innovations: takes Dativ.
A-065,Adjective,misstrauisch,gegenüber,+ Dat.,distrustful of / suspicious towards,Er war von Natur aus misstrauisch gegenüber Fremden gegenüber.,He was by nature suspicious towards strangers.,Gegenüber wem?,B2,Always takes 'gegenüber + Dativ'.
A-066,Adjective,empfindlich,gegen,+ Akk.,"sensitive to (cold, heat, light, criticism)",Meine Zähne sind extrem empfindlich gegen Kälte und Säure.,My teeth are extremely sensitive to cold and acid.,Wogegen? • Dagegen,B1,Physical or sensory sensitivity: 'gegen + Akkusativ'.
A-067,Adjective,immun,gegen,+ Akk.,"immune to (infection, criticism, charm)",Nach der Impfung ist der Organismus immun gegen den Erreger.,"After the vaccination, the organism is immune to the pathogen.",Wogegen? • Dagegen,B2,Resistance takes 'gegen + Akkusativ'.
A-068,Adjective,allergisch,auf,+ Akk.,"allergic to (pollen, foods) / reacting badly to",Sie reagiert stark allergisch auf Katzenhaare.,She reacts severely allergic to cat hair.,Worauf? • Darauf,A2,Takes 'auf + Akkusativ'. (Informally also 'gegen + Akk').
A-069,Adjective,überrascht,von,+ Dat.,caught off-guard by / surprised by (a person or unforeseen act),Der Torwart wurde völlig von dem weiten Schuss überrascht.,The goalkeeper was completely surprised by the long shot.,Wovon? • Davon,B1,Agent or passive cause: 'von + Dativ'.
A-070,Adjective,überrascht,über,+ Akk.,surprised at / by (an outcome or fact),Alle waren positiv überrascht über die schnelle Genesung.,Everyone was pleasantly surprised at the swift recovery.,Worüber? • Darüber,A2,Reaction to an event: 'über + Akkusativ'.
A-071,Adjective,voll,von,+ Dat.,full of / covered in,Nach dem Waldspaziergang waren seine Schuhe voll von Schlamm.,"After the forest walk, his shoes were full of mud.",Wovon? • Davon,A2,Can also be used with plain Genitive ('voller Freude').
A-072,Adjective,rot,vor,+ Dat.,"red with (anger, embarrassment, shame)",Vor lauter Verlegenheit wurde der Junge knallrot vor Scham.,"Out of sheer embarrassment, the boy turned bright red with shame.",Wovor? • Davor,B1,Emotional involuntary physical reactions take 'vor + Dativ'.
A-073,Adjective,stumm,vor,+ Dat.,"mute / speechless with (shock, astonishment)",Die Zeugen blieben stumm vor Entsetzen über den Vorfall.,The witnesses remained mute with horror at the incident.,Wovor? • Davor,B2,Emotional paralysis takes 'vor + Dativ'.
A-074,Adjective,blass,vor,+ Dat.,"pale with (fear, shock, envy)",Er wurde kreidebleich und blass vor Angst vor der Prüfung.,He turned chalk-white and pale with fear of the exam.,Wovor? • Davor,B1,Takes 'vor + Dativ' (e.g. blass vor Neid).
A-075,Adjective,blind,auf,+ Dat.,blind in (an eye - anatomical),Der alte Kater ist leider auf dem linken Auge völlig blind.,The old tomcat is unfortunately completely blind in the left eye.,Worauf?,B1,Physical blindness in one eye: 'auf + Dativ'.
A-076,Adjective,blind,für,+ Akk.,"blind to (faults, dangers, risks - figurative)",Vor lauter Liebe war er blind für ihre vielen Fehler.,"Out of sheer love, he was blind to her many flaws.",Wofür? • Dafür,B2,Figurative blindness/ignorance: 'für + Akkusativ'.
A-077,Adjective,taub,auf,+ Dat.,deaf in (an ear - anatomical),Seit der Explosion ist der Soldat auf dem rechten Ohr taub.,"Since the explosion, the soldier has been deaf in his right ear.",Worauf?,B1,Physical deafness in an ear: 'auf + Dativ'.
A-078,Adjective,taub,für,+ Akk.,"deaf to (arguments, advice - figurative)",Der Diktator blieb taub für alle friedlichen Bitten des Volkes.,The dictator remained deaf to all peaceful pleas of the people.,Wofür? • Dafür,B2,Refusing to heed reasoning: 'für + Akkusativ'.
A-079,Adjective,verbittert,über,+ Akk.,"bitter about (injustice, life circumstances)",Er war tief verbittert über die ungerechtfertigte Kündigung.,He was deeply bitter about the unjustified dismissal.,Worüber? • Darüber,B2,Resentment takes 'über + Akkusativ'.
A-080,Adjective,verärgert,über,+ Akk.,exasperated / annoyed about,Die Passagiere waren extrem verärgert über die stundenlange Verspätung.,The passengers were extremely annoyed about the hours-long delay.,Worüber? • Darüber,B1,Takes 'über + Akkusativ'.
A-081,Adjective,aufmerksam,auf,+ Akk.,attentive to / aware of / alerted to,Die Polizei wurde durch einen anonymen Hinweis auf das Versteck aufmerksam.,The police became aware of the hideout through an anonymous tip.,Worauf? • Darauf,B1,Formula: aufmerksam werden/machen auf + Akk.
A-082,Adjective,hungrig,nach,+ Dat.,"hungry for / craving (success, news, power)",Die junge Athletin ist hungrig nach neuen Rekorden und Siegen.,The young athlete is hungry for new records and victories.,Wonach? • Danach,B2,Figurative hunger/craving takes 'nach + Dativ'.
A-083,Adjective,durstig,nach,+ Dat.,"thirsty for (knowledge, justice, revenge)",Wissenschaftler sind stets durstig nach neuen Erkenntnissen.,Scientists are always thirsty for new insights.,Wonach? • Danach,B2,Takes 'nach + Dativ'.
A-084,Adjective,süchtig,nach,+ Dat.,addicted to,Immer mehr Jugendliche sind süchtig nach sozialen Medien.,More and more teenagers are addicted to social media.,Wonach? • Danach,B1,Addiction takes 'nach + Dativ'.
A-085,Adjective,besessen,von,+ Dat.,"obsessed with (an idea, mission, perfection)",Der Erfinder war förmlich besessen von seiner neuen Vision.,The inventor was positively obsessed with his new vision.,Wovon? • Davon / Von wem?,B2,Obsession takes 'von + Dativ'.
A-086,Adjective,erfreut,über,+ Akk.,pleased about / delighted with,Wir waren außerordentlich erfreut über deinen überraschenden Besuch.,We were extraordinarily pleased about your surprise visit.,Worüber? • Darüber,B1,Formal synonym for 'froh über + Akk'.
A-087,Adjective,beunruhigt,über,+ Akk.,perturbed about / alarmed at,Die Bürger sind zutiefst beunruhigt über die zunehmende Kriminalität.,Citizens are deeply perturbed about the increasing crime.,Worüber? • Darüber,B2,Takes 'über + Akkusativ'.
A-088,Adjective,charakteristisch,für,+ Akk.,characteristic of,Die spitzen Türme sind absolut charakteristisch für diese gotische Kathedrale.,The pointed towers are absolutely characteristic of this Gothic cathedral.,Wofür? • Dafür,B2,Distinctive feature: 'für + Akkusativ'.
A-089,Adjective,entscheidend,für,+ Akk.,decisive for / crucial to,Gute Teamarbeit ist oft entscheidend für den Projekterfolg.,Good teamwork is often decisive for project success.,Wofür? • Dafür,B1,Takes 'für + Akkusativ'.
A-090,Adjective,gefasst,auf,+ Akk.,braced for / prepared for (unpleasant news or hardship),Man muss im Leben auf alle bösen Überraschungen gefasst sein.,One must be braced for all bad surprises in life.,Worauf? • Darauf,B2,Formula: gefasst sein auf + Akk (prepared for negative eventualities).
A-091,Adjective,nett,zu,+ Dat.,kind to / nice to (a person),Sei bitte immer nett zu deinen jüngeren Geschwistern!,Please always be nice to your younger siblings!,Zu wem?,A1,Formula: nett sein zu + Dativ.
A-092,Adjective,beeindruckt,von,+ Dat.,impressed by,Die Prüfungskommission war sichtlich beeindruckt von ihrem fundierten Fachwissen.,The examination board was visibly impressed by her sound specialist knowledge.,Wovon? • Davon / Von wem?,A2,Takes 'von + Dativ'. Very high frequency.
A-093,Adjective,fasziniert,von,+ Dat.,fascinated by,Die Kinder waren völlig fasziniert von den bunten Fischen im Aquarium.,The children were completely fascinated by the colorful fish in the aquarium.,Wovon? • Davon / Von wem?,B1,Takes 'von + Dativ'.
A-094,Adjective,erfahren,in,+ Dat.,experienced in / skilled at,Sie ist außerordentlich erfahren in der Leitung internationaler Projekte.,She is extraordinarily experienced in managing international projects.,Worin? • Darin,B1,Professional competence takes 'in + Dativ'.
A-095,Adjective,sicher,vor,+ Dat.,"safe from (danger, persecution, bad weather)",In der gemütlichen Berghütte waren die Wanderer sicher vor dem Unwetter.,"In the cozy mountain hut, the hikers were safe from the storm.",Wovor? • Davor,A2,Protection from harm takes 'vor + Dativ'.
A-096,Adjective,geschützt,vor,+ Dat.,protected from / shielded against,Die sensible Elektronik ist gut vor Feuchtigkeit und Staub geschützt.,The sensitive electronics are well protected from moisture and dust.,Wovor? • Davor,B1,Takes 'vor + Dativ'.
A-097,Adjective,getrennt,von,+ Dat.,separated from,Seit zwei Jahren lebt er getrennt von seiner Ehefrau.,He has been living separated from his wife for two years.,Von wem? / Wovon?,A2,Physical or marital separation takes 'von + Dativ'.
A-098,Adjective,gleichgültig,gegenüber,+ Dat.,indifferent towards / unconcerned about,Man darf dem Leid anderer Menschen niemals gegenüber gleichgültig sein.,One must never be indifferent towards the suffering of other people.,Gegenüber wem? / Worüber?,B2,Takes 'gegenüber + Dativ'. Can appear before or after the dative noun.
A-099,Adjective,machtlos,gegen,+ Akk.,powerless against,Gegenüber extremen Naturgewalten ist der Mensch oft völlig machtlos gegen die Zerstörung.,"Against extreme forces of nature, man is often completely powerless against destruction.",Wogegen? • Dagegen,B1,Takes 'gegen + Akkusativ'.
A-100,Adjective,entsetzt,über,+ Akk.,horrified at / appalled at,Die ganze Welt war entsetzt über das verheerende Erdbeben.,The whole world was horrified at the devastating earthquake.,Worüber? • Darüber,B2,Extreme shock takes 'über + Akkusativ'.
A-101,Adjective,empört,über,+ Akk.,indignant at / outraged about,Die Belegschaft war empört über die plötzliche Schließung des Werks.,The workforce was outraged about the sudden closure of the plant.,Worüber? • Darüber,B2,Moral indignation takes 'über + Akkusativ'.
A-102,Adjective,sehnsüchtig,nach,+ Dat.,longing for / yearning for,Der Exilant sehnte sich und blickte sehnsüchtig nach seiner fernen Heimat.,The exile looked with yearning toward his distant homeland.,Wonach? • Danach,B2,Emotional longing takes 'nach + Dativ'.
